Year,Period,State,Value
2018,FIRST OF JAN,ALABAMA,"7,500"
2018,FIRST OF JAN,ARIZONA,"25,000"
2018,FIRST OF JAN,ARKANSAS,"22,000"
2018,FIRST OF JAN,CALIFORNIA,"1,150,000"
2018,FIRST OF JAN,COLORADO,"13,000"
2018,FIRST OF JAN,CONNECTICUT,"2,900"
2018,FIRST OF JAN,FLORIDA,"245,000"
2018,FIRST OF JAN,GEORGIA,"134,000"
2018,FIRST OF JAN,HAWAII,"15,000"
2018,FIRST OF JAN,IDAHO,"164,000"
2018,FIRST OF JAN,ILLINOIS,"10,500"
2018,FIRST OF JAN,INDIANA,"7,000"
2018,FIRST OF JAN,IOWA,"41,000"
2018,FIRST OF JAN,KANSAS,"3,700"
2018,FIRST OF JAN,KENTUCKY,"5,500"
2018,FIRST OF JAN,LOUISIANA,"50,000"
2018,FIRST OF JAN,MAINE,"1,900"
2018,FIRST OF JAN,MARYLAND,"8,000"
2018,FIRST OF JAN,MASSACHUSETTS,"3,800"
2018,FIRST OF JAN,MICHIGAN,"16,500"
2018,FIRST OF JAN,MINNESOTA,"39,000"
2018,FIRST OF JAN,MISSISSIPPI,"19,000"
2018,FIRST OF JAN,MISSOURI,"8,000"
2018,FIRST OF JAN,MONTANA,"35,000"
2018,FIRST OF JAN,NEBRASKA,"6,500"
2018,FIRST OF JAN,NEW JERSEY,"6,500"
2018,FIRST OF JAN,NEW MEXICO,"7,500"
2018,FIRST OF JAN,NEW YORK,"26,000"
2018,FIRST OF JAN,NORTH CAROLINA,"18,500"
2018,FIRST OF JAN,NORTH DAKOTA,"64,000"
2018,FIRST OF JAN,OHIO,"12,000"
2018,FIRST OF JAN,OKLAHOMA,"17,000"
2018,FIRST OF JAN,OREGON,"81,000"
2018,FIRST OF JAN,OTHER STATES,"3,720"
2018,FIRST OF JAN,PENNSYLVANIA,"14,500"
2018,FIRST OF JAN,SOUTH CAROLINA,"13,500"
2018,FIRST OF JAN,SOUTH DAKOTA,"23,000"
2018,FIRST OF JAN,TENNESSEE,"10,000"
2018,FIRST OF JAN,TEXAS,"205,000"
2018,FIRST OF JAN,UTAH,"7,500"
2018,FIRST OF JAN,VERMONT,"5,500"
2018,FIRST OF JAN,VIRGINIA,"7,000"
2018,FIRST OF JAN,WASHINGTON,"44,000"
2018,FIRST OF JAN,WEST VIRGINIA,"4,700"
2018,FIRST OF JAN,WISCONSIN,"21,000"
2018,FIRST OF JAN,WYOMING,"5,500"
2018,FIRST OF APR,ALABAMA,"7,500"
2018,FIRST OF APR,ARIZONA,"18,500"
2018,FIRST OF APR,ARKANSAS,"11,500"
2018,FIRST OF APR,CALIFORNIA,"1,140,000"
2018,FIRST OF APR,COLORADO,"16,500"
2018,FIRST OF APR,CONNECTICUT,"3,600"
2018,FIRST OF APR,FLORIDA,"270,000"
2018,FIRST OF APR,GEORGIA,"134,000"
2018,FIRST OF APR,HAWAII,"14,500"
2018,FIRST OF APR,IDAHO,"60,000"
2018,FIRST OF APR,ILLINOIS,"10,000"
2018,FIRST OF APR,INDIANA,"8,000"
2018,FIRST OF APR,IOWA,"45,000"
2018,FIRST OF APR,KANSAS,"3,900"
2018,FIRST OF APR,KENTUCKY,"4,800"
2018,FIRST OF APR,LOUISIANA,"48,000"
2018,FIRST OF APR,MAINE,"2,200"
2018,FIRST OF APR,MARYLAND,"7,000"
2018,FIRST OF APR,MASSACHUSETTS,"3,600"
2018,FIRST OF APR,MICHIGAN,"36,000"
2018,FIRST OF APR,MINNESOTA,"69,000"
2018,FIRST OF APR,MISSISSIPPI,"53,000"
2018,FIRST OF APR,MISSOURI,"7,000"
2018,FIRST OF APR,MONTANA,"50,000"
2018,FIRST OF APR,NEBRASKA,"10,500"
2018,FIRST OF APR,NEW JERSEY,"4,400"
2018,FIRST OF APR,NEW MEXICO,"1,900"
2018,FIRST OF APR,NEW YORK,"20,000"
2018,FIRST OF APR,NORTH CAROLINA,"16,000"
2018,FIRST OF APR,NORTH DAKOTA,"72,000"
2018,FIRST OF APR,OHIO,"11,000"
2018,FIRST OF APR,OKLAHOMA,"15,500"
2018,FIRST OF APR,OREGON,"41,000"
2018,FIRST OF APR,OTHER STATES,"4,260"
2018,FIRST OF APR,PENNSYLVANIA,"15,500"
2018,FIRST OF APR,SOUTH CAROLINA,"14,000"
2018,FIRST OF APR,SOUTH DAKOTA,"10,500"
2018,FIRST OF APR,TENNESSEE,"8,000"
2018,FIRST OF APR,TEXAS,"305,000"
2018,FIRST OF APR,UTAH,"14,500"
2018,FIRST OF APR,VERMONT,"5,500"
2018,FIRST OF APR,VIRGINIA,"5,000"
2018,FIRST OF APR,WASHINGTON,"55,000"
2018,FIRST OF APR,WEST VIRGINIA,"7,000"
2018,FIRST OF APR,WISCONSIN,"24,000"
2018,FIRST OF APR,WYOMING,"8,500"
2017,MARKETING YEAR,ALABAMA,"7,000"
2017,MARKETING YEAR,ARIZONA,"22,000"
2017,MARKETING YEAR,ARKANSAS,"29,000"
2017,MARKETING YEAR,CALIFORNIA,"335,000"
2017,MARKETING YEAR,COLORADO,"33,000"
2017,MARKETING YEAR,FLORIDA,"205,000"
2017,MARKETING YEAR,GEORGIA,"99,000"
2017,MARKETING YEAR,HAWAII,"12,000"
2017,MARKETING YEAR,IDAHO,"95,000"
2017,MARKETING YEAR,ILLINOIS,"11,000"
2017,MARKETING YEAR,INDIANA,"7,000"
2017,MARKETING YEAR,IOWA,"35,000"
2017,MARKETING YEAR,KANSAS,"7,000"
2017,MARKETING YEAR,KENTUCKY,"5,000"
2017,MARKETING YEAR,LOUISIANA,"43,000"
2017,MARKETING YEAR,MAINE,"12,000"
2017,MARKETING YEAR,MICHIGAN,"87,000"
2017,MARKETING YEAR,MINNESOTA,"126,000"
2017,MARKETING YEAR,MISSISSIPPI,"13,000"
2017,MARKETING YEAR,MISSOURI,"8,000"
2017,MARKETING YEAR,MONTANA,"145,000"
2017,MARKETING YEAR,NEBRASKA,"42,000"
2017,MARKETING YEAR,NEW JERSEY,"13,000"
2017,MARKETING YEAR,NEW YORK,"57,000"
2017,MARKETING YEAR,NORTH CAROLINA,"11,000"
2017,MARKETING YEAR,NORTH DAKOTA,"455,000"
2017,MARKETING YEAR,OHIO,"15,000"
2017,MARKETING YEAR,OREGON,"78,000"
2017,MARKETING YEAR,OTHER STATES,"34,000"
2017,MARKETING YEAR,PENNSYLVANIA,"16,000"
2017,MARKETING YEAR,SOUTH CAROLINA,"16,000"
2017,MARKETING YEAR,SOUTH DAKOTA,"255,000"
2017,MARKETING YEAR,TENNESSEE,"7,000"
2017,MARKETING YEAR,TEXAS,"120,000"
2017,MARKETING YEAR,UTAH,"27,000"
2017,MARKETING YEAR,VERMONT,"7,000"
2017,MARKETING YEAR,VIRGINIA,"5,000"
2017,MARKETING YEAR,WASHINGTON,"77,000"
2017,MARKETING YEAR,WEST VIRGINIA,"6,000"
2017,MARKETING YEAR,WISCONSIN,"53,000"
2017,MARKETING YEAR,WYOMING,"39,000"
2017,FIRST OF JAN,ALABAMA,"7,000"
2017,FIRST OF JAN,ARIZONA,"31,000"
2017,FIRST OF JAN,ARKANSAS,"18,000"
2017,FIRST OF JAN,CALIFORNIA,"1,170,000"
2017,FIRST OF JAN,COLORADO,"9,500"
2017,FIRST OF JAN,CONNECTICUT,"3,100"
2017,FIRST OF JAN,FLORIDA,"260,000"
2017,FIRST OF JAN,GEORGIA,"123,000"
2017,FIRST OF JAN,HAWAII,"13,000"
2017,FIRST OF JAN,IDAHO,"95,000"
2017,FIRST OF JAN,ILLINOIS,"11,000"
2017,FIRST OF JAN,INDIANA,"7,000"
2017,FIRST OF JAN,IOWA,"10,000"
2017,FIRST OF JAN,KANSAS,"3,800"
2017,FIRST OF JAN,KENTUCKY,"6,500"
2017,FIRST OF JAN,LOUISIANA,"44,000"
2017,FIRST OF JAN,MAINE,"2,700"
2017,FIRST OF JAN,MARYLAND,"9,000"
2017,FIRST OF JAN,MASSACHUSETTS,"3,300"
2017,FIRST OF JAN,MICHIGAN,"29,000"
2017,FIRST OF JAN,MINNESOTA,"27,000"
2017,FIRST OF JAN,MISSISSIPPI,"31,000"
2017,FIRST OF JAN,MISSOURI,"7,000"
2017,FIRST OF JAN,MONTANA,"18,500"
2017,FIRST OF JAN,NEBRASKA,"7,500"
2017,FIRST OF JAN,NEW JERSEY,"6,000"
2017,FIRST OF JAN,NEW MEXICO,"5,500"
2017,FIRST OF JAN,NEW YORK,"32,000"
2017,FIRST OF JAN,NORTH CAROLINA,"16,000"
2017,FIRST OF JAN,NORTH DAKOTA,"50,000"
2017,FIRST OF JAN,OHIO,"15,500"
2017,FIRST OF JAN,OKLAHOMA,"26,000"
2017,FIRST OF JAN,OREGON,"71,000"
2017,FIRST OF JAN,OTHER STATES,"6,190"
2017,FIRST OF JAN,PENNSYLVANIA,"17,000"
2017,FIRST OF JAN,SOUTH CAROLINA,"17,000"
2017,FIRST OF JAN,SOUTH DAKOTA,"21,000"
2017,FIRST OF JAN,TENNESSEE,"8,500"
2017,FIRST OF JAN,TEXAS,"275,000"
2017,FIRST OF JAN,UTAH,"16,000"
2017,FIRST OF JAN,VERMONT,"6,500"
2017,FIRST OF JAN,VIRGINIA,"8,000"
2017,FIRST OF JAN,WASHINGTON,"68,000"
2017,FIRST OF JAN,WEST VIRGINIA,"5,500"
2017,FIRST OF JAN,WISCONSIN,"17,000"
2017,FIRST OF JAN,WYOMING,"6,500"
2017,FIRST OF APR,ALABAMA,"6,500"
2017,FIRST OF APR,ARIZONA,"22,000"
2017,FIRST OF APR,ARKANSAS,"17,000"
2017,FIRST OF APR,CALIFORNIA,"980,000"
2017,FIRST OF APR,COLORADO,"16,500"
2017,FIRST OF APR,CONNECTICUT,"3,000"
2017,FIRST OF APR,FLORIDA,"245,000"
2017,FIRST OF APR,GEORGIA,"130,000"
2017,FIRST OF APR,HAWAII,"12,000"
2017,FIRST OF APR,IDAHO,"61,000"
2017,FIRST OF APR,ILLINOIS,"11,500"
2017,FIRST OF APR,INDIANA,"7,500"
2017,FIRST OF APR,IOWA,"12,000"
2017,FIRST OF APR,KANSAS,"3,800"
2017,FIRST OF APR,KENTUCKY,"7,000"
2017,FIRST OF APR,LOUISIANA,"56,000"
2017,FIRST OF APR,MAINE,"2,200"
2017,FIRST OF APR,MARYLAND,"8,000"
2017,FIRST OF APR,MASSACHUSETTS,"2,500"
2017,FIRST OF APR,MICHIGAN,"55,000"
2017,FIRST OF APR,MINNESOTA,"32,000"
2017,FIRST OF APR,MISSISSIPPI,"89,000"
2017,FIRST OF APR,MISSOURI,"6,500"
2017,FIRST OF APR,MONTANA,"47,000"
2017,FIRST OF APR,NEBRASKA,"7,500"
2017,FIRST OF APR,NEW JERSEY,"5,500"
2017,FIRST OF APR,NEW MEXICO,"7,000"
2017,FIRST OF APR,NEW YORK,"25,000"
2017,FIRST OF APR,NORTH CAROLINA,"24,000"
2017,FIRST OF APR,NORTH DAKOTA,"115,000"
2017,FIRST OF APR,OHIO,"13,500"
2017,FIRST OF APR,OKLAHOMA,"17,000"
2017,FIRST OF APR,OREGON,"71,000"
2017,FIRST OF APR,OTHER STATES,"5,650"
2017,FIRST OF APR,PENNSYLVANIA,"15,500"
2017,FIRST OF APR,SOUTH CAROLINA,"20,000"
2017,FIRST OF APR,SOUTH DAKOTA,"30,000"
2017,FIRST OF APR,TENNESSEE,"8,500"
2017,FIRST OF APR,TEXAS,"345,000"
2017,FIRST OF APR,UTAH,"21,000"
2017,FIRST OF APR,VERMONT,"6,000"
2017,FIRST OF APR,VIRGINIA,"8,500"
2017,FIRST OF APR,WASHINGTON,"75,000"
2017,FIRST OF APR,WEST VIRGINIA,"7,500"
2017,FIRST OF APR,WISCONSIN,"18,000"
2017,FIRST OF APR,WYOMING,"15,000"
2017,FIRST OF JUL,ALABAMA,"7,000"
2017,FIRST OF JUL,ARIZONA,"26,000"
2017,FIRST OF JUL,ARKANSAS,"29,000"
2017,FIRST OF JUL,CALIFORNIA,"590,000"
2017,FIRST OF JUL,COLORADO,"35,000"
2017,FIRST OF JUL,CONNECTICUT,"3,500"
2017,FIRST OF JUL,FLORIDA,"176,000"
2017,FIRST OF JUL,GEORGIA,"121,000"
2017,FIRST OF JUL,HAWAII,"15,000"
2017,FIRST OF JUL,IDAHO,"89,000"
2017,FIRST OF JUL,ILLINOIS,"13,000"
2017,FIRST OF JUL,INDIANA,"13,000"
2017,FIRST OF JUL,IOWA,"40,000"
2017,FIRST OF JUL,KANSAS,"7,000"
2017,FIRST OF JUL,KENTUCKY,"9,000"
2017,FIRST OF JUL,LOUISIANA,"64,000"
2017,FIRST OF JUL,MAINE,"5,500"
2017,FIRST OF JUL,MARYLAND,"8,500"
2017,FIRST OF JUL,MASSACHUSETTS,"9,000"
2017,FIRST OF JUL,MICHIGAN,"103,000"
2017,FIRST OF JUL,MINNESOTA,"136,000"
2017,FIRST OF JUL,MISSISSIPPI,"24,000"
2017,FIRST OF JUL,MISSOURI,"9,000"
2017,FIRST OF JUL,MONTANA,"154,000"
2017,FIRST OF JUL,NEBRASKA,"46,000"
2017,FIRST OF JUL,NEW JERSEY,"16,000"
2017,FIRST OF JUL,NEW MEXICO,"8,500"
2017,FIRST OF JUL,NEW YORK,"59,000"
2017,FIRST OF JUL,NORTH CAROLINA,"26,000"
2017,FIRST OF JUL,NORTH DAKOTA,"470,000"
2017,FIRST OF JUL,OHIO,"23,000"
2017,FIRST OF JUL,OKLAHOMA,"4,400"
2017,FIRST OF JUL,OREGON,"94,000"
2017,FIRST OF JUL,OTHER STATES,"8,100"
2017,FIRST OF JUL,PENNSYLVANIA,"18,500"
2017,FIRST OF JUL,SOUTH CAROLINA,"14,500"
2017,FIRST OF JUL,SOUTH DAKOTA,"152,000"
2017,FIRST OF JUL,TENNESSEE,"10,000"
2017,FIRST OF JUL,TEXAS,"104,000"
2017,FIRST OF JUL,UTAH,"35,000"
2017,FIRST OF JUL,VERMONT,"7,500"
2017,FIRST OF JUL,VIRGINIA,"11,500"
2017,FIRST OF JUL,WASHINGTON,"82,000"
2017,FIRST OF JUL,WEST VIRGINIA,"9,000"
2017,FIRST OF JUL,WISCONSIN,"74,000"
2017,FIRST OF JUL,WYOMING,"35,000"
2017,FIRST OF OCT,ALABAMA,"7,500"
2017,FIRST OF OCT,ARIZONA,"27,000"
2017,FIRST OF OCT,ARKANSAS,"25,000"
2017,FIRST OF OCT,CALIFORNIA,"680,000"
2017,FIRST OF OCT,COLORADO,"34,000"
2017,FIRST OF OCT,CONNECTICUT,"4,000"
2017,FIRST OF OCT,FLORIDA,"180,000"
2017,FIRST OF OCT,GEORGIA,"125,000"
2017,FIRST OF OCT,HAWAII,"15,000"
2017,FIRST OF OCT,IDAHO,"113,000"
2017,FIRST OF OCT,ILLINOIS,"13,500"
2017,FIRST OF OCT,INDIANA,"11,500"
2017,FIRST OF OCT,IOWA,"45,000"
2017,FIRST OF OCT,KANSAS,"6,500"
2017,FIRST OF OCT,KENTUCKY,"7,500"
2017,FIRST OF OCT,LOUISIANA,"58,000"
2017,FIRST OF OCT,MAINE,"5,500"
2017,FIRST OF OCT,MARYLAND,"8,000"
2017,FIRST OF OCT,MASSACHUSETTS,"6,000"
2017,FIRST OF OCT,MICHIGAN,"88,000"
2017,FIRST OF OCT,MINNESOTA,"98,000"
2017,FIRST OF OCT,MISSISSIPPI,"14,000"
2017,FIRST OF OCT,MISSOURI,"9,500"
2017,FIRST OF OCT,MONTANA,"115,000"
2017,FIRST OF OCT,NEBRASKA,"42,000"
2017,FIRST OF OCT,NEW JERSEY,"15,500"
2017,FIRST OF OCT,NEW MEXICO,"8,000"
2017,FIRST OF OCT,NEW YORK,"51,000"
2017,FIRST OF OCT,NORTH CAROLINA,"23,000"
2017,FIRST OF OCT,NORTH DAKOTA,"410,000"
2017,FIRST OF OCT,OHIO,"18,500"
2017,FIRST OF OCT,OKLAHOMA,"3,700"
2017,FIRST OF OCT,OREGON,"94,000"
2017,FIRST OF OCT,OTHER STATES,"6,070"
2017,FIRST OF OCT,PENNSYLVANIA,"24,000"
2017,FIRST OF OCT,SOUTH CAROLINA,"12,500"
2017,FIRST OF OCT,SOUTH DAKOTA,"111,000"
2017,FIRST OF OCT,TENNESSEE,"8,500"
2017,FIRST OF OCT,TEXAS,"127,000"
2017,FIRST OF OCT,UTAH,"29,000"
2017,FIRST OF OCT,VERMONT,"6,500"
2017,FIRST OF OCT,VIRGINIA,"9,500"
2017,FIRST OF OCT,WASHINGTON,"66,000"
2017,FIRST OF OCT,WEST VIRGINIA,"8,500"
2017,FIRST OF OCT,WISCONSIN,"51,000"
2017,FIRST OF OCT,WYOMING,"28,000"
2016,MARKETING YEAR,ALABAMA,"7,000"
2016,MARKETING YEAR,ARIZONA,"27,000"
2016,MARKETING YEAR,ARKANSAS,"24,000"
2016,MARKETING YEAR,CALIFORNIA,"310,000"
2016,MARKETING YEAR,COLORADO,"32,000"
2016,MARKETING YEAR,FLORIDA,"215,000"
2016,MARKETING YEAR,GEORGIA,"96,000"
2016,MARKETING YEAR,HAWAII,"16,000"
2016,MARKETING YEAR,IDAHO,"97,000"
2016,MARKETING YEAR,ILLINOIS,"10,000"
2016,MARKETING YEAR,INDIANA,"7,000"
2016,MARKETING YEAR,IOWA,"37,000"
2016,MARKETING YEAR,KANSAS,"7,000"
2016,MARKETING YEAR,KENTUCKY,"5,000"
2016,MARKETING YEAR,LOUISIANA,"50,000"
2016,MARKETING YEAR,MAINE,"12,000"
2016,MARKETING YEAR,MICHIGAN,"89,000"
2016,MARKETING YEAR,MINNESOTA,"124,000"
2016,MARKETING YEAR,MISSISSIPPI,"19,000"
2016,MARKETING YEAR,MISSOURI,"8,000"
2016,MARKETING YEAR,MONTANA,"159,000"
2016,MARKETING YEAR,NEBRASKA,"48,000"
2016,MARKETING YEAR,NEW JERSEY,"12,000"
2016,MARKETING YEAR,NEW YORK,"64,000"
2016,MARKETING YEAR,NORTH CAROLINA,"12,000"
2016,MARKETING YEAR,NORTH DAKOTA,"485,000"
2016,MARKETING YEAR,OHIO,"15,000"
2016,MARKETING YEAR,OREGON,"74,000"
2016,MARKETING YEAR,OTHER STATES,"35,000"
2016,MARKETING YEAR,PENNSYLVANIA,"19,000"
2016,MARKETING YEAR,SOUTH CAROLINA,"16,000"
2016,MARKETING YEAR,SOUTH DAKOTA,"280,000"
2016,MARKETING YEAR,TENNESSEE,"6,000"
2016,MARKETING YEAR,TEXAS,"133,000"
2016,MARKETING YEAR,UTAH,"31,000"
2016,MARKETING YEAR,VERMONT,"6,000"
2016,MARKETING YEAR,VIRGINIA,"5,000"
2016,MARKETING YEAR,WASHINGTON,"84,000"
2016,MARKETING YEAR,WEST VIRGINIA,"5,000"
2016,MARKETING YEAR,WISCONSIN,"54,000"
2016,MARKETING YEAR,WYOMING,"40,000"
2016,FIRST OF JAN,ALABAMA,"7,500"
2016,FIRST OF JAN,ARIZONA,"30,000"
2016,FIRST OF JAN,ARKANSAS,"27,000"
2016,FIRST OF JAN,CALIFORNIA,"1,130,000"
2016,FIRST OF JAN,COLORADO,"5,000"
2016,FIRST OF JAN,CONNECTICUT,"2,700"
2016,FIRST OF JAN,FLORIDA,"275,000"
2016,FIRST OF JAN,GEORGIA,"100,000"
2016,FIRST OF JAN,HAWAII,"15,000"
2016,FIRST OF JAN,IDAHO,"91,000"
2016,FIRST OF JAN,ILLINOIS,"8,500"
2016,FIRST OF JAN,INDIANA,"6,500"
2016,FIRST OF JAN,IOWA,"13,000"
2016,FIRST OF JAN,KANSAS,"5,000"
2016,FIRST OF JAN,KENTUCKY,"6,500"
2016,FIRST OF JAN,LOUISIANA,"54,000"
2016,FIRST OF JAN,MAINE,"2,200"
2016,FIRST OF JAN,MARYLAND,"7,500"
2016,FIRST OF JAN,MASSACHUSETTS,"3,000"
2016,FIRST OF JAN,MICHIGAN,"25,000"
2016,FIRST OF JAN,MINNESOTA,"36,000"
2016,FIRST OF JAN,MISSISSIPPI,"21,000"
2016,FIRST OF JAN,MISSOURI,"10,000"
2016,FIRST OF JAN,MONTANA,"16,500"
2016,FIRST OF JAN,NEBRASKA,"11,000"
2016,FIRST OF JAN,NEW JERSEY,"6,000"
2016,FIRST OF JAN,NEW MEXICO,"6,000"
2016,FIRST OF JAN,NEW YORK,"31,000"
2016,FIRST OF JAN,NORTH CAROLINA,"18,500"
2016,FIRST OF JAN,NORTH DAKOTA,"89,000"
2016,FIRST OF JAN,OHIO,"16,500"
2016,FIRST OF JAN,OKLAHOMA,"13,500"
2016,FIRST OF JAN,OREGON,"68,000"
2016,FIRST OF JAN,OTHER STATES,"7,340"
2016,FIRST OF JAN,PENNSYLVANIA,"12,500"
2016,FIRST OF JAN,SOUTH CAROLINA,"16,500"
2016,FIRST OF JAN,SOUTH DAKOTA,"47,000"
2016,FIRST OF JAN,TENNESSEE,"9,000"
2016,FIRST OF JAN,TEXAS,"240,000"
2016,FIRST OF JAN,UTAH,"12,000"
2016,FIRST OF JAN,VERMONT,"5,500"
2016,FIRST OF JAN,VIRGINIA,"6,500"
2016,FIRST OF JAN,WASHINGTON,"77,000"
2016,FIRST OF JAN,WEST VIRGINIA,"6,500"
2016,FIRST OF JAN,WISCONSIN,"20,000"
2016,FIRST OF JAN,WYOMING,"2,700"
2016,FIRST OF APR,ALABAMA,"8,000"
2016,FIRST OF APR,ARIZONA,"22,000"
2016,FIRST OF APR,ARKANSAS,"24,000"
2016,FIRST OF APR,CALIFORNIA,"1,110,000"
2016,FIRST OF APR,COLORADO,"9,500"
2016,FIRST OF APR,CONNECTICUT,"2,500"
2016,FIRST OF APR,FLORIDA,"240,000"
2016,FIRST OF APR,GEORGIA,"108,000"
2016,FIRST OF APR,HAWAII,"13,500"
2016,FIRST OF APR,IDAHO,"60,000"
2016,FIRST OF APR,ILLINOIS,"9,000"
2016,FIRST OF APR,INDIANA,"4,300"
2016,FIRST OF APR,IOWA,"10,500"
2016,FIRST OF APR,KANSAS,"4,700"
2016,FIRST OF APR,KENTUCKY,"5,500"
2016,FIRST OF APR,LOUISIANA,"52,000"
2016,FIRST OF APR,MAINE,"3,600"
2016,FIRST OF APR,MARYLAND,"8,000"
2016,FIRST OF APR,MASSACHUSETTS,"4,200"
2016,FIRST OF APR,MICHIGAN,"40,000"
2016,FIRST OF APR,MINNESOTA,"27,000"
2016,FIRST OF APR,MISSISSIPPI,"85,000"
2016,FIRST OF APR,MISSOURI,"12,000"
2016,FIRST OF APR,MONTANA,"62,000"
2016,FIRST OF APR,NEBRASKA,"19,500"
2016,FIRST OF APR,NEW JERSEY,"4,200"
2016,FIRST OF APR,NEW MEXICO,"6,500"
2016,FIRST OF APR,NEW YORK,"31,000"
2016,FIRST OF APR,NORTH CAROLINA,"23,000"
2016,FIRST OF APR,NORTH DAKOTA,"110,000"
2016,FIRST OF APR,OHIO,"14,000"
2016,FIRST OF APR,OKLAHOMA,"12,000"
2016,FIRST OF APR,OREGON,"77,000"
2016,FIRST OF APR,OTHER STATES,"7,970"
2016,FIRST OF APR,PENNSYLVANIA,"11,000"
2016,FIRST OF APR,SOUTH CAROLINA,"12,500"
2016,FIRST OF APR,SOUTH DAKOTA,"51,000"
2016,FIRST OF APR,TENNESSEE,"8,000"
2016,FIRST OF APR,TEXAS,"340,000"
2016,FIRST OF APR,UTAH,"14,500"
2016,FIRST OF APR,VERMONT,"5,000"
2016,FIRST OF APR,VIRGINIA,"6,000"
2016,FIRST OF APR,WASHINGTON,"91,000"
2016,FIRST OF APR,WEST VIRGINIA,"7,000"
2016,FIRST OF APR,WISCONSIN,"18,500"
2016,FIRST OF APR,WYOMING,"6,500"
2016,FIRST OF JUL,ALABAMA,"8,000"
2016,FIRST OF JUL,ARIZONA,"30,000"
2016,FIRST OF JUL,ARKANSAS,"32,000"
2016,FIRST OF JUL,CALIFORNIA,"740,000"
2016,FIRST OF JUL,COLORADO,"33,000"
2016,FIRST OF JUL,CONNECTICUT,"3,100"
2016,FIRST OF JUL,FLORIDA,"200,000"
2016,FIRST OF JUL,GEORGIA,"102,000"
2016,FIRST OF JUL,HAWAII,"13,500"
2016,FIRST OF JUL,IDAHO,"79,000"
2016,FIRST OF JUL,ILLINOIS,"11,000"
2016,FIRST OF JUL,INDIANA,"9,500"
2016,FIRST OF JUL,IOWA,"50,000"
2016,FIRST OF JUL,KANSAS,"8,000"
2016,FIRST OF JUL,KENTUCKY,"7,500"
2016,FIRST OF JUL,LOUISIANA,"51,000"
2016,FIRST OF JUL,MAINE,"5,500"
2016,FIRST OF JUL,MARYLAND,"7,000"
2016,FIRST OF JUL,MASSACHUSETTS,"9,500"
2016,FIRST OF JUL,MICHIGAN,"108,000"
2016,FIRST OF JUL,MINNESOTA,"132,000"
2016,FIRST OF JUL,MISSISSIPPI,"19,000"
2016,FIRST OF JUL,MISSOURI,"13,500"
2016,FIRST OF JUL,MONTANA,"147,000"
2016,FIRST OF JUL,NEBRASKA,"45,000"
2016,FIRST OF JUL,NEW JERSEY,"18,000"
2016,FIRST OF JUL,NEW MEXICO,"6,500"
2016,FIRST OF JUL,NEW YORK,"56,000"
2016,FIRST OF JUL,NORTH CAROLINA,"25,000"
2016,FIRST OF JUL,NORTH DAKOTA,"510,000"
2016,FIRST OF JUL,OHIO,"21,000"
2016,FIRST OF JUL,OKLAHOMA,"3,700"
2016,FIRST OF JUL,OREGON,"107,000"
2016,FIRST OF JUL,OTHER STATES,"11,880"
2016,FIRST OF JUL,PENNSYLVANIA,"19,000"
2016,FIRST OF JUL,SOUTH CAROLINA,"13,000"
2016,FIRST OF JUL,SOUTH DAKOTA,"178,000"
2016,FIRST OF JUL,TENNESSEE,"10,000"
2016,FIRST OF JUL,TEXAS,"129,000"
2016,FIRST OF JUL,UTAH,"27,000"
2016,FIRST OF JUL,VERMONT,"6,500"
2016,FIRST OF JUL,VIRGINIA,"8,000"
2016,FIRST OF JUL,WASHINGTON,"57,000"
2016,FIRST OF JUL,WEST VIRGINIA,"7,500"
2016,FIRST OF JUL,WISCONSIN,"71,000"
2016,FIRST OF JUL,WYOMING,"32,000"
2016,FIRST OF OCT,ALABAMA,"7,000"
2016,FIRST OF OCT,ARIZONA,"29,000"
2016,FIRST OF OCT,ARKANSAS,"28,000"
2016,FIRST OF OCT,CALIFORNIA,"770,000"
2016,FIRST OF OCT,COLORADO,"30,000"
2016,FIRST OF OCT,CONNECTICUT,"3,100"
2016,FIRST OF OCT,FLORIDA,"255,000"
2016,FIRST OF OCT,GEORGIA,"96,000"
2016,FIRST OF OCT,HAWAII,"13,500"
2016,FIRST OF OCT,IDAHO,"121,000"
2016,FIRST OF OCT,ILLINOIS,"9,000"
2016,FIRST OF OCT,INDIANA,"7,500"
2016,FIRST OF OCT,IOWA,"54,000"
2016,FIRST OF OCT,KANSAS,"5,000"
2016,FIRST OF OCT,KENTUCKY,"7,500"
2016,FIRST OF OCT,LOUISIANA,"48,000"
2016,FIRST OF OCT,MAINE,"3,500"
2016,FIRST OF OCT,MARYLAND,"7,500"
2016,FIRST OF OCT,MASSACHUSETTS,"8,000"
2016,FIRST OF OCT,MICHIGAN,"101,000"
2016,FIRST OF OCT,MINNESOTA,"113,000"
2016,FIRST OF OCT,MISSISSIPPI,"17,500"
2016,FIRST OF OCT,MISSOURI,"9,000"
2016,FIRST OF OCT,MONTANA,"124,000"
2016,FIRST OF OCT,NEBRASKA,"37,000"
2016,FIRST OF OCT,NEW JERSEY,"12,000"
2016,FIRST OF OCT,NEW MEXICO,"7,000"
2016,FIRST OF OCT,NEW YORK,"48,000"
2016,FIRST OF OCT,NORTH CAROLINA,"25,000"
2016,FIRST OF OCT,NORTH DAKOTA,"385,000"
2016,FIRST OF OCT,OHIO,"19,500"
2016,FIRST OF OCT,OKLAHOMA,"3,100"
2016,FIRST OF OCT,OREGON,"98,000"
2016,FIRST OF OCT,OTHER STATES,"6,360"
2016,FIRST OF OCT,PENNSYLVANIA,"21,000"
2016,FIRST OF OCT,SOUTH CAROLINA,"12,000"
2016,FIRST OF OCT,SOUTH DAKOTA,"146,000"
2016,FIRST OF OCT,TENNESSEE,"9,000"
2016,FIRST OF OCT,TEXAS,"136,000"
2016,FIRST OF OCT,UTAH,"30,000"
2016,FIRST OF OCT,VERMONT,"6,500"
2016,FIRST OF OCT,VIRGINIA,"7,000"
2016,FIRST OF OCT,WASHINGTON,"65,000"
2016,FIRST OF OCT,WEST VIRGINIA,"7,500"
2016,FIRST OF OCT,WISCONSIN,"59,000"
2016,FIRST OF OCT,WYOMING,"25,000"
2015,MARKETING YEAR,ALABAMA,"7,000"
2015,MARKETING YEAR,ARIZONA,"26,000"
2015,MARKETING YEAR,ARKANSAS,"24,000"
2015,MARKETING YEAR,CALIFORNIA,"275,000"
2015,MARKETING YEAR,COLORADO,"29,000"
2015,MARKETING YEAR,FLORIDA,"220,000"
2015,MARKETING YEAR,GEORGIA,"69,000"
2015,MARKETING YEAR,HAWAII,"14,000"
2015,MARKETING YEAR,IDAHO,"89,000"
2015,MARKETING YEAR,ILLINOIS,"8,000"
2015,MARKETING YEAR,INDIANA,"6,000"
2015,MARKETING YEAR,IOWA,"36,000"
2015,MARKETING YEAR,KANSAS,"8,000"
2015,MARKETING YEAR,KENTUCKY,"5,000"
2015,MARKETING YEAR,LOUISIANA,"44,000"
2015,MARKETING YEAR,MAINE,"10,000"
2015,MARKETING YEAR,MICHIGAN,"90,000"
2015,MARKETING YEAR,MINNESOTA,"122,000"
2015,MARKETING YEAR,MISSISSIPPI,"15,000"
2015,MARKETING YEAR,MISSOURI,"10,000"
2015,MARKETING YEAR,MONTANA,"146,000"
2015,MARKETING YEAR,NEBRASKA,"57,000"
2015,MARKETING YEAR,NEW JERSEY,"12,000"
2015,MARKETING YEAR,NEW YORK,"58,000"
2015,MARKETING YEAR,NORTH CAROLINA,"12,000"
2015,MARKETING YEAR,NORTH DAKOTA,"490,000"
2015,MARKETING YEAR,OHIO,"17,000"
2015,MARKETING YEAR,OREGON,"71,000"
2015,MARKETING YEAR,OTHER STATES,"30,000"
2015,MARKETING YEAR,PENNSYLVANIA,"17,000"
2015,MARKETING YEAR,SOUTH CAROLINA,"14,000"
2015,MARKETING YEAR,SOUTH DAKOTA,"290,000"
2015,MARKETING YEAR,TENNESSEE,"7,000"
2015,MARKETING YEAR,TEXAS,"126,000"
2015,MARKETING YEAR,UTAH,"27,000"
2015,MARKETING YEAR,VERMONT,"5,000"
2015,MARKETING YEAR,VIRGINIA,"6,000"
2015,MARKETING YEAR,WASHINGTON,"73,000"
2015,MARKETING YEAR,WEST VIRGINIA,"5,000"
2015,MARKETING YEAR,WISCONSIN,"52,000"
2015,MARKETING YEAR,WYOMING,"38,000"
2015,FIRST OF JAN,ALABAMA,"7,000"
2015,FIRST OF JAN,ARIZONA,"35,000"
2015,FIRST OF JAN,ARKANSAS,"13,000"
2015,FIRST OF JAN,CALIFORNIA,"1,440,000"
2015,FIRST OF JAN,COLORADO,"3,500"
2015,FIRST OF JAN,CONNECTICUT,"3,900"
2015,FIRST OF JAN,FLORIDA,"305,000"
2015,FIRST OF JAN,GEORGIA,"104,000"
2015,FIRST OF JAN,HAWAII,"10,500"
2015,FIRST OF JAN,IDAHO,"81,000"
2015,FIRST OF JAN,ILLINOIS,"6,000"
2015,FIRST OF JAN,INDIANA,"9,000"
2015,FIRST OF JAN,IOWA,"12,500"
2015,FIRST OF JAN,KANSAS,"4,600"
2015,FIRST OF JAN,KENTUCKY,"7,500"
2015,FIRST OF JAN,LOUISIANA,"51,000"
2015,FIRST OF JAN,MAINE,"3,100"
2015,FIRST OF JAN,MARYLAND,"7,500"
2015,FIRST OF JAN,MASSACHUSETTS,"2,900"
2015,FIRST OF JAN,MICHIGAN,"16,500"
2015,FIRST OF JAN,MINNESOTA,"28,000"
2015,FIRST OF JAN,MISSISSIPPI,"34,000"
2015,FIRST OF JAN,MISSOURI,"12,000"
2015,FIRST OF JAN,MONTANA,"8,500"
2015,FIRST OF JAN,NEBRASKA,"10,000"
2015,FIRST OF JAN,NEW JERSEY,"6,000"
2015,FIRST OF JAN,NEW MEXICO,"7,000"
2015,FIRST OF JAN,NEW YORK,"27,000"
2015,FIRST OF JAN,NORTH CAROLINA,"24,000"
2015,FIRST OF JAN,NORTH DAKOTA,"57,000"
2015,FIRST OF JAN,OHIO,"18,000"
2015,FIRST OF JAN,OKLAHOMA,"9,500"
2015,FIRST OF JAN,OREGON,"77,000"
2015,FIRST OF JAN,OTHER STATES,"3,410"
2015,FIRST OF JAN,PENNSYLVANIA,"14,000"
2015,FIRST OF JAN,SOUTH CAROLINA,"17,000"
2015,FIRST OF JAN,SOUTH DAKOTA,"50,000"
2015,FIRST OF JAN,TENNESSEE,"9,500"
2015,FIRST OF JAN,TEXAS,"191,000"
2015,FIRST OF JAN,UTAH,"6,000"
2015,FIRST OF JAN,VERMONT,"5,500"
2015,FIRST OF JAN,VIRGINIA,"8,000"
2015,FIRST OF JAN,WASHINGTON,"52,000"
2015,FIRST OF JAN,WEST VIRGINIA,"4,700"
2015,FIRST OF JAN,WISCONSIN,"16,500"
2015,FIRST OF JAN,WYOMING,"5,500"
2015,FIRST OF APR,ALABAMA,"7,500"
2015,FIRST OF APR,ARIZONA,"33,000"
2015,FIRST OF APR,ARKANSAS,"13,500"
2015,FIRST OF APR,CALIFORNIA,"1,040,000"
2015,FIRST OF APR,COLORADO,"12,000"
2015,FIRST OF APR,CONNECTICUT,"3,000"
2015,FIRST OF APR,FLORIDA,"210,000"
2015,FIRST OF APR,GEORGIA,"114,000"
2015,FIRST OF APR,HAWAII,"13,500"
2015,FIRST OF APR,IDAHO,"62,000"
2015,FIRST OF APR,ILLINOIS,"9,500"
2015,FIRST OF APR,INDIANA,"8,000"
2015,FIRST OF APR,IOWA,"12,500"
2015,FIRST OF APR,KANSAS,"6,000"
2015,FIRST OF APR,KENTUCKY,"7,500"
2015,FIRST OF APR,LOUISIANA,"44,000"
2015,FIRST OF APR,MAINE,"4,600"
2015,FIRST OF APR,MARYLAND,"8,000"
2015,FIRST OF APR,MASSACHUSETTS,"4,100"
2015,FIRST OF APR,MICHIGAN,"58,000"
2015,FIRST OF APR,MINNESOTA,"71,000"
2015,FIRST OF APR,MISSISSIPPI,"89,000"
2015,FIRST OF APR,MISSOURI,"11,500"
2015,FIRST OF APR,MONTANA,"36,000"
2015,FIRST OF APR,NEBRASKA,"29,000"
2015,FIRST OF APR,NEW JERSEY,"8,500"
2015,FIRST OF APR,NEW MEXICO,"6,500"
2015,FIRST OF APR,NEW YORK,"24,000"
2015,FIRST OF APR,NORTH CAROLINA,"19,500"
2015,FIRST OF APR,NORTH DAKOTA,"121,000"
2015,FIRST OF APR,OHIO,"17,500"
2015,FIRST OF APR,OKLAHOMA,"25,000"
2015,FIRST OF APR,OREGON,"82,000"
2015,FIRST OF APR,OTHER STATES,"8,600"
2015,FIRST OF APR,PENNSYLVANIA,"15,500"
2015,FIRST OF APR,SOUTH CAROLINA,"17,500"
2015,FIRST OF APR,SOUTH DAKOTA,"100,000"
2015,FIRST OF APR,TENNESSEE,"7,500"
2015,FIRST OF APR,TEXAS,"305,000"
2015,FIRST OF APR,UTAH,"24,000"
2015,FIRST OF APR,VERMONT,"6,000"
2015,FIRST OF APR,VIRGINIA,"7,500"
2015,FIRST OF APR,WASHINGTON,"105,000"
2015,FIRST OF APR,WEST VIRGINIA,"4,700"
2015,FIRST OF APR,WISCONSIN,"25,000"
2015,FIRST OF APR,WYOMING,"12,000"
2015,FIRST OF JUL,ALABAMA,"8,500"
2015,FIRST OF JUL,ARIZONA,"40,000"
2015,FIRST OF JUL,ARKANSAS,"23,000"
2015,FIRST OF JUL,CALIFORNIA,"730,000"
2015,FIRST OF JUL,COLORADO,"29,000"
2015,FIRST OF JUL,CONNECTICUT,"3,700"
2015,FIRST OF JUL,FLORIDA,"164,000"
2015,FIRST OF JUL,GEORGIA,"108,000"
2015,FIRST OF JUL,HAWAII,"14,500"
2015,FIRST OF JUL,IDAHO,"80,000"
2015,FIRST OF JUL,ILLINOIS,"14,000"
2015,FIRST OF JUL,INDIANA,"15,000"
2015,FIRST OF JUL,IOWA,"29,000"
2015,FIRST OF JUL,KANSAS,"9,000"
2015,FIRST OF JUL,KENTUCKY,"10,000"
2015,FIRST OF JUL,LOUISIANA,"50,000"
2015,FIRST OF JUL,MAINE,"6,000"
2015,FIRST OF JUL,MARYLAND,"7,000"
2015,FIRST OF JUL,MASSACHUSETTS,"7,500"
2015,FIRST OF JUL,MICHIGAN,"89,000"
2015,FIRST OF JUL,MINNESOTA,"133,000"
2015,FIRST OF JUL,MISSISSIPPI,"23,000"
2015,FIRST OF JUL,MISSOURI,"14,000"
2015,FIRST OF JUL,MONTANA,"140,000"
2015,FIRST OF JUL,NEBRASKA,"67,000"
2015,FIRST OF JUL,NEW JERSEY,"18,500"
2015,FIRST OF JUL,NEW MEXICO,"6,500"
2015,FIRST OF JUL,NEW YORK,"44,000"
2015,FIRST OF JUL,NORTH CAROLINA,"24,000"
2015,FIRST OF JUL,NORTH DAKOTA,"460,000"
2015,FIRST OF JUL,OHIO,"23,000"
2015,FIRST OF JUL,OKLAHOMA,"19,500"
2015,FIRST OF JUL,OREGON,"68,000"
2015,FIRST OF JUL,OTHER STATES,"12,180"
2015,FIRST OF JUL,PENNSYLVANIA,"25,000"
2015,FIRST OF JUL,SOUTH CAROLINA,"12,000"
2015,FIRST OF JUL,SOUTH DAKOTA,"295,000"
2015,FIRST OF JUL,TENNESSEE,"10,000"
2015,FIRST OF JUL,TEXAS,"76,000"
2015,FIRST OF JUL,UTAH,"31,000"
2015,FIRST OF JUL,VERMONT,"6,000"
2015,FIRST OF JUL,VIRGINIA,"8,000"
2015,FIRST OF JUL,WASHINGTON,"84,000"
2015,FIRST OF JUL,WEST VIRGINIA,"7,000"
2015,FIRST OF JUL,WISCONSIN,"60,000"
2015,FIRST OF JUL,WYOMING,"29,000"
2015,FIRST OF OCT,ALABAMA,"8,000"
2015,FIRST OF OCT,ARIZONA,"36,000"
2015,FIRST OF OCT,ARKANSAS,"23,000"
2015,FIRST OF OCT,CALIFORNIA,"750,000"
2015,FIRST OF OCT,COLORADO,"24,000"
2015,FIRST OF OCT,CONNECTICUT,"3,200"
2015,FIRST OF OCT,FLORIDA,"220,000"
2015,FIRST OF OCT,GEORGIA,"110,000"
2015,FIRST OF OCT,HAWAII,"13,000"
2015,FIRST OF OCT,IDAHO,"121,000"
2015,FIRST OF OCT,ILLINOIS,"14,000"
2015,FIRST OF OCT,INDIANA,"11,500"
2015,FIRST OF OCT,IOWA,"35,000"
2015,FIRST OF OCT,KANSAS,"8,500"
2015,FIRST OF OCT,KENTUCKY,"8,500"
2015,FIRST OF OCT,LOUISIANA,"55,000"
2015,FIRST OF OCT,MAINE,"4,700"
2015,FIRST OF OCT,MARYLAND,"7,500"
2015,FIRST OF OCT,MASSACHUSETTS,"4,500"
2015,FIRST OF OCT,MICHIGAN,"67,000"
2015,FIRST OF OCT,MINNESOTA,"104,000"
2015,FIRST OF OCT,MISSISSIPPI,"31,000"
2015,FIRST OF OCT,MISSOURI,"13,500"
2015,FIRST OF OCT,MONTANA,"116,000"
2015,FIRST OF OCT,NEBRASKA,"72,000"
2015,FIRST OF OCT,NEW JERSEY,"8,000"
2015,FIRST OF OCT,NEW MEXICO,"6,000"
2015,FIRST OF OCT,NEW YORK,"45,000"
2015,FIRST OF OCT,NORTH CAROLINA,"22,000"
2015,FIRST OF OCT,NORTH DAKOTA,"230,000"
2015,FIRST OF OCT,OHIO,"19,000"
2015,FIRST OF OCT,OKLAHOMA,"5,000"
2015,FIRST OF OCT,OREGON,"100,000"
2015,FIRST OF OCT,OTHER STATES,"11,360"
2015,FIRST OF OCT,PENNSYLVANIA,"22,000"
2015,FIRST OF OCT,SOUTH CAROLINA,"10,000"
2015,FIRST OF OCT,SOUTH DAKOTA,"194,000"
2015,FIRST OF OCT,TENNESSEE,"8,500"
2015,FIRST OF OCT,TEXAS,"125,000"
2015,FIRST OF OCT,UTAH,"28,000"
2015,FIRST OF OCT,VERMONT,"6,500"
2015,FIRST OF OCT,VIRGINIA,"7,500"
2015,FIRST OF OCT,WASHINGTON,"87,000"
2015,FIRST OF OCT,WEST VIRGINIA,"7,000"
2015,FIRST OF OCT,WISCONSIN,"48,000"
2015,FIRST OF OCT,WYOMING,"24,000"
2014,MARKETING YEAR,ALABAMA,"7,000"
2014,MARKETING YEAR,ARIZONA,"26,000"
2014,MARKETING YEAR,ARKANSAS,"21,000"
2014,MARKETING YEAR,CALIFORNIA,"320,000"
2014,MARKETING YEAR,COLORADO,"27,000"
2014,MARKETING YEAR,FLORIDA,"245,000"
2014,MARKETING YEAR,GEORGIA,"73,000"
2014,MARKETING YEAR,HAWAII,"15,000"
2014,MARKETING YEAR,IDAHO,"100,000"
2014,MARKETING YEAR,ILLINOIS,"8,000"
2014,MARKETING YEAR,INDIANA,"5,000"
2014,MARKETING YEAR,IOWA,"35,000"
2014,MARKETING YEAR,KANSAS,"7,000"
2014,MARKETING YEAR,KENTUCKY,"5,000"
2014,MARKETING YEAR,LOUISIANA,"48,000"
2014,MARKETING YEAR,MAINE,"8,000"
2014,MARKETING YEAR,MICHIGAN,"91,000"
2014,MARKETING YEAR,MINNESOTA,"132,000"
2014,MARKETING YEAR,MISSISSIPPI,"20,000"
2014,MARKETING YEAR,MISSOURI,"12,000"
2014,MARKETING YEAR,MONTANA,"162,000"
2014,MARKETING YEAR,NEBRASKA,"50,000"
2014,MARKETING YEAR,NEW JERSEY,"12,000"
2014,MARKETING YEAR,NEW YORK,"60,000"
2014,MARKETING YEAR,NORTH CAROLINA,"12,000"
2014,MARKETING YEAR,NORTH DAKOTA,"490,000"
2014,MARKETING YEAR,OHIO,"15,000"
2014,MARKETING YEAR,OREGON,"71,000"
2014,MARKETING YEAR,OTHER STATES,"31,000"
2014,MARKETING YEAR,PENNSYLVANIA,"17,000"
2014,MARKETING YEAR,SOUTH CAROLINA,"9,000"
2014,MARKETING YEAR,SOUTH DAKOTA,"280,000"
2014,MARKETING YEAR,TENNESSEE,"7,000"
2014,MARKETING YEAR,TEXAS,"116,000"
2014,MARKETING YEAR,UTAH,"29,000"
2014,MARKETING YEAR,VERMONT,"3,000"
2014,MARKETING YEAR,VIRGINIA,"6,000"
2014,MARKETING YEAR,WASHINGTON,"68,000"
2014,MARKETING YEAR,WEST VIRGINIA,"6,000"
2014,MARKETING YEAR,WISCONSIN,"53,000"
2014,MARKETING YEAR,WYOMING,"38,000"
2013,MARKETING YEAR,ALABAMA,"7,000"
2013,MARKETING YEAR,ARIZONA,"29,000"
2013,MARKETING YEAR,ARKANSAS,"22,000"
2013,MARKETING YEAR,CALIFORNIA,"330,000"
2013,MARKETING YEAR,COLORADO,"26,000"
2013,MARKETING YEAR,FLORIDA,"220,000"
2013,MARKETING YEAR,GEORGIA,"67,000"
2013,MARKETING YEAR,HAWAII,"13,000"
2013,MARKETING YEAR,IDAHO,"83,000"
2013,MARKETING YEAR,ILLINOIS,"7,000"
2013,MARKETING YEAR,INDIANA,"6,000"
2013,MARKETING YEAR,IOWA,"39,000"
2013,MARKETING YEAR,KANSAS,"6,000"
2013,MARKETING YEAR,KENTUCKY,"3,000"
2013,MARKETING YEAR,LOUISIANA,"50,000"
2013,MARKETING YEAR,MAINE,"7,000"
2013,MARKETING YEAR,MICHIGAN,"85,000"
2013,MARKETING YEAR,MINNESOTA,"130,000"
2013,MARKETING YEAR,MISSISSIPPI,"17,000"
2013,MARKETING YEAR,MISSOURI,"10,000"
2013,MARKETING YEAR,MONTANA,"159,000"
2013,MARKETING YEAR,NEBRASKA,"46,000"
2013,MARKETING YEAR,NEW JERSEY,"11,000"
2013,MARKETING YEAR,NEW YORK,"55,000"
2013,MARKETING YEAR,NORTH CAROLINA,"10,000"
2013,MARKETING YEAR,NORTH DAKOTA,"480,000"
2013,MARKETING YEAR,OHIO,"17,000"
2013,MARKETING YEAR,OREGON,"62,000"
2013,MARKETING YEAR,OTHER STATES,"33,000"
2013,MARKETING YEAR,PENNSYLVANIA,"13,000"
2013,MARKETING YEAR,SOUTH DAKOTA,"265,000"
2013,MARKETING YEAR,TENNESSEE,"7,000"
2013,MARKETING YEAR,TEXAS,"106,000"
2013,MARKETING YEAR,UTAH,"30,000"
2013,MARKETING YEAR,VERMONT,"3,000"
2013,MARKETING YEAR,VIRGINIA,"5,000"
2013,MARKETING YEAR,WASHINGTON,"69,000"
2013,MARKETING YEAR,WEST VIRGINIA,"6,000"
2013,MARKETING YEAR,WISCONSIN,"59,000"
2013,MARKETING YEAR,WYOMING,"47,000"
2012,MARKETING YEAR,ALABAMA,"8,000"
2012,MARKETING YEAR,ARIZONA,"22,000"
2012,MARKETING YEAR,ARKANSAS,"25,000"
2012,MARKETING YEAR,CALIFORNIA,"330,000"
2012,MARKETING YEAR,COLORADO,"25,000"
2012,MARKETING YEAR,FLORIDA,"193,000"
2012,MARKETING YEAR,GEORGIA,"59,000"
2012,MARKETING YEAR,HAWAII,"10,000"
2012,MARKETING YEAR,IDAHO,"92,000"
2012,MARKETING YEAR,ILLINOIS,"7,000"
2012,MARKETING YEAR,INDIANA,"8,000"
2012,MARKETING YEAR,IOWA,"37,000"
2012,MARKETING YEAR,KANSAS,"6,000"
2012,MARKETING YEAR,KENTUCKY,"5,000"
2012,MARKETING YEAR,LOUISIANA,"41,000"
2012,MARKETING YEAR,MAINE,"4,000"
2012,MARKETING YEAR,MICHIGAN,"73,000"
2012,MARKETING YEAR,MINNESOTA,"125,000"
2012,MARKETING YEAR,MISSISSIPPI,"18,000"
2012,MARKETING YEAR,MISSOURI,"7,000"
2012,MARKETING YEAR,MONTANA,"145,000"
2012,MARKETING YEAR,NEBRASKA,"43,000"
2012,MARKETING YEAR,NEW JERSEY,"14,000"
2012,MARKETING YEAR,NEW MEXICO,"5,000"
2012,MARKETING YEAR,NEW YORK,"51,000"
2012,MARKETING YEAR,NORTH CAROLINA,"13,000"
2012,MARKETING YEAR,NORTH DAKOTA,"480,000"
2012,MARKETING YEAR,OHIO,"18,000"
2012,MARKETING YEAR,OREGON,"60,000"
2012,MARKETING YEAR,OTHER STATES,"30,000"
2012,MARKETING YEAR,PENNSYLVANIA,"16,000"
2012,MARKETING YEAR,SOUTH DAKOTA,"260,000"
2012,MARKETING YEAR,TENNESSEE,"6,000"
2012,MARKETING YEAR,TEXAS,"92,000"
2012,MARKETING YEAR,UTAH,"25,000"
2012,MARKETING YEAR,VERMONT,"4,000"
2012,MARKETING YEAR,VIRGINIA,"4,000"
2012,MARKETING YEAR,WASHINGTON,"62,000"
2012,MARKETING YEAR,WEST VIRGINIA,"6,000"
2012,MARKETING YEAR,WISCONSIN,"60,000"
2012,MARKETING YEAR,WYOMING,"50,000"
2011,MARKETING YEAR,ALABAMA,"9,000"
2011,MARKETING YEAR,ARIZONA,"23,000"
2011,MARKETING YEAR,ARKANSAS,"22,000"
2011,MARKETING YEAR,CALIFORNIA,"370,000"
2011,MARKETING YEAR,COLORADO,"31,000"
2011,MARKETING YEAR,FLORIDA,"180,000"
2011,MARKETING YEAR,GEORGIA,"65,000"
2011,MARKETING YEAR,HAWAII,"9,000"
2011,MARKETING YEAR,IDAHO,"87,000"
2011,MARKETING YEAR,ILLINOIS,"7,000"
2011,MARKETING YEAR,INDIANA,"8,000"
2011,MARKETING YEAR,IOWA,"25,000"
2011,MARKETING YEAR,KANSAS,"7,000"
2011,MARKETING YEAR,KENTUCKY,"4,000"
2011,MARKETING YEAR,LOUISIANA,"36,000"
2011,MARKETING YEAR,MAINE,"4,000"
2011,MARKETING YEAR,MICHIGAN,"74,000"
2011,MARKETING YEAR,MINNESOTA,"120,000"
2011,MARKETING YEAR,MISSISSIPPI,"18,000"
2011,MARKETING YEAR,MISSOURI,"8,000"
2011,MARKETING YEAR,MONTANA,"145,000"
2011,MARKETING YEAR,NEBRASKA,"41,000"
2011,MARKETING YEAR,NEW JERSEY,"11,000"
2011,MARKETING YEAR,NEW MEXICO,"7,000"
2011,MARKETING YEAR,NEW YORK,"49,000"
2011,MARKETING YEAR,NORTH CAROLINA,"14,000"
2011,MARKETING YEAR,NORTH DAKOTA,"460,000"
2011,MARKETING YEAR,OHIO,"15,000"
2011,MARKETING YEAR,OREGON,"60,000"
2011,MARKETING YEAR,OTHER STATES,"25,000"
2011,MARKETING YEAR,PENNSYLVANIA,"24,000"
2011,MARKETING YEAR,SOUTH DAKOTA,"250,000"
2011,MARKETING YEAR,TENNESSEE,"7,000"
2011,MARKETING YEAR,TEXAS,"78,000"
2011,MARKETING YEAR,UTAH,"23,000"
2011,MARKETING YEAR,VERMONT,"4,000"
2011,MARKETING YEAR,VIRGINIA,"4,000"
2011,MARKETING YEAR,WASHINGTON,"71,000"
2011,MARKETING YEAR,WEST VIRGINIA,"4,000"
2011,MARKETING YEAR,WISCONSIN,"57,000"
2011,MARKETING YEAR,WYOMING,"35,000"
2010,MARKETING YEAR,ALABAMA,"9,000"
2010,MARKETING YEAR,ARIZONA,"24,000"
2010,MARKETING YEAR,ARKANSAS,"25,000"
2010,MARKETING YEAR,CALIFORNIA,"410,000"
2010,MARKETING YEAR,COLORADO,"34,000"
2010,MARKETING YEAR,FLORIDA,"200,000"
2010,MARKETING YEAR,GEORGIA,"55,000"
2010,MARKETING YEAR,HAWAII,"10,000"
2010,MARKETING YEAR,IDAHO,"97,000"
2010,MARKETING YEAR,ILLINOIS,"9,000"
2010,MARKETING YEAR,INDIANA,"10,000"
2010,MARKETING YEAR,IOWA,"27,000"
2010,MARKETING YEAR,KANSAS,"9,000"
2010,MARKETING YEAR,KENTUCKY,"5,000"
2010,MARKETING YEAR,LOUISIANA,"36,000"
2010,MARKETING YEAR,MAINE,"5,000"
2010,MARKETING YEAR,MICHIGAN,"71,000"
2010,MARKETING YEAR,MINNESOTA,"128,000"
2010,MARKETING YEAR,MISSISSIPPI,"16,000"
2010,MARKETING YEAR,MISSOURI,"11,000"
2010,MARKETING YEAR,MONTANA,"157,000"
2010,MARKETING YEAR,NEBRASKA,"41,000"
2010,MARKETING YEAR,NEW JERSEY,"13,000"
2010,MARKETING YEAR,NEW MEXICO,"7,000"
2010,MARKETING YEAR,NEW YORK,"45,000"
2010,MARKETING YEAR,NORTH CAROLINA,"13,000"
2010,MARKETING YEAR,NORTH DAKOTA,"510,000"
2010,MARKETING YEAR,OHIO,"18,000"
2010,MARKETING YEAR,OREGON,"59,000"
2010,MARKETING YEAR,OTHER STATES,"26,000"
2010,MARKETING YEAR,PENNSYLVANIA,"30,000"
2010,MARKETING YEAR,SOUTH DAKOTA,"265,000"
2010,MARKETING YEAR,TENNESSEE,"8,000"
2010,MARKETING YEAR,TEXAS,"100,000"
2010,MARKETING YEAR,UTAH,"26,000"
2010,MARKETING YEAR,VERMONT,"4,000"
2010,MARKETING YEAR,VIRGINIA,"5,000"
2010,MARKETING YEAR,WASHINGTON,"71,000"
2010,MARKETING YEAR,WEST VIRGINIA,"5,000"
2010,MARKETING YEAR,WISCONSIN,"64,000"
2010,MARKETING YEAR,WYOMING,"34,000"
2009,MARKETING YEAR,ALABAMA,"9,000"
2009,MARKETING YEAR,ARIZONA,"20,000"
2009,MARKETING YEAR,ARKANSAS,"24,000"
2009,MARKETING YEAR,CALIFORNIA,"355,000"
2009,MARKETING YEAR,COLORADO,"28,000"
2009,MARKETING YEAR,FLORIDA,"170,000"
2009,MARKETING YEAR,GEORGIA,"65,000"
2009,MARKETING YEAR,HAWAII,"10,000"
2009,MARKETING YEAR,IDAHO,"103,000"
2009,MARKETING YEAR,ILLINOIS,"8,000"
2009,MARKETING YEAR,INDIANA,"9,000"
2009,MARKETING YEAR,IOWA,"26,000"
2009,MARKETING YEAR,KANSAS,"9,000"
2009,MARKETING YEAR,KENTUCKY,"5,000"
2009,MARKETING YEAR,LOUISIANA,"37,000"
2009,MARKETING YEAR,MAINE,"6,000"
2009,MARKETING YEAR,MICHIGAN,"66,000"
2009,MARKETING YEAR,MINNESOTA,"122,000"
2009,MARKETING YEAR,MISSISSIPPI,"14,000"
2009,MARKETING YEAR,MISSOURI,"11,000"
2009,MARKETING YEAR,MONTANA,"146,000"
2009,MARKETING YEAR,NEBRASKA,"48,000"
2009,MARKETING YEAR,NEW JERSEY,"11,000"
2009,MARKETING YEAR,NEW MEXICO,"7,000"
2009,MARKETING YEAR,NEW YORK,"45,000"
2009,MARKETING YEAR,NORTH CAROLINA,"11,000"
2009,MARKETING YEAR,NORTH DAKOTA,"450,000"
2009,MARKETING YEAR,OHIO,"11,000"
2009,MARKETING YEAR,OREGON,"55,000"
2009,MARKETING YEAR,OTHER STATES,"26,000"
2009,MARKETING YEAR,PENNSYLVANIA,"21,000"
2009,MARKETING YEAR,SOUTH DAKOTA,"270,000"
2009,MARKETING YEAR,TENNESSEE,"7,000"
2009,MARKETING YEAR,TEXAS,"89,000"
2009,MARKETING YEAR,UTAH,"26,000"
2009,MARKETING YEAR,VERMONT,"5,000"
2009,MARKETING YEAR,VIRGINIA,"6,000"
2009,MARKETING YEAR,WASHINGTON,"62,000"
2009,MARKETING YEAR,WEST VIRGINIA,"5,000"
2009,MARKETING YEAR,WISCONSIN,"63,000"
2009,MARKETING YEAR,WYOMING,"37,000"
2008,MARKETING YEAR,ALABAMA,"9,000"
2008,MARKETING YEAR,ARIZONA,"25,000"
2008,MARKETING YEAR,ARKANSAS,"28,000"
2008,MARKETING YEAR,CALIFORNIA,"360,000"
2008,MARKETING YEAR,COLORADO,"27,000"
2008,MARKETING YEAR,FLORIDA,"150,000"
2008,MARKETING YEAR,GEORGIA,"65,000"
2008,MARKETING YEAR,HAWAII,"10,000"
2008,MARKETING YEAR,IDAHO,"90,000"
2008,MARKETING YEAR,ILLINOIS,"8,000"
2008,MARKETING YEAR,INDIANA,"7,000"
2008,MARKETING YEAR,IOWA,"24,000"
2008,MARKETING YEAR,KANSAS,"10,000"
2008,MARKETING YEAR,KENTUCKY,"4,000"
2008,MARKETING YEAR,LOUISIANA,"40,000"
2008,MARKETING YEAR,MAINE,"7,000"
2008,MARKETING YEAR,MICHIGAN,"71,000"
2008,MARKETING YEAR,MINNESOTA,"122,000"
2008,MARKETING YEAR,MISSISSIPPI,"14,000"
2008,MARKETING YEAR,MISSOURI,"11,000"
2008,MARKETING YEAR,MONTANA,"134,000"
2008,MARKETING YEAR,NEBRASKA,"36,000"
2008,MARKETING YEAR,NEVADA,"10,000"
2008,MARKETING YEAR,NEW JERSEY,"9,000"
2008,MARKETING YEAR,NEW MEXICO,"6,000"
2008,MARKETING YEAR,NEW YORK,"50,000"
2008,MARKETING YEAR,NORTH CAROLINA,"12,000"
2008,MARKETING YEAR,NORTH DAKOTA,"400,000"
2008,MARKETING YEAR,OHIO,"14,000"
2008,MARKETING YEAR,OREGON,"50,000"
2008,MARKETING YEAR,OTHER STATES,"16,000"
2008,MARKETING YEAR,PENNSYLVANIA,"23,000"
2008,MARKETING YEAR,SOUTH DAKOTA,"225,000"
2008,MARKETING YEAR,TENNESSEE,"7,000"
2008,MARKETING YEAR,TEXAS,"77,000"
2008,MARKETING YEAR,UTAH,"28,000"
2008,MARKETING YEAR,VERMONT,"5,000"
2008,MARKETING YEAR,VIRGINIA,"6,000"
2008,MARKETING YEAR,WASHINGTON,"49,000"
2008,MARKETING YEAR,WEST VIRGINIA,"6,000"
2008,MARKETING YEAR,WISCONSIN,"58,000"
2008,MARKETING YEAR,WYOMING,"39,000"
2007,MARKETING YEAR,ALABAMA,"11,000"
2007,MARKETING YEAR,ARIZONA,"30,000"
2007,MARKETING YEAR,ARKANSAS,"28,000"
2007,MARKETING YEAR,CALIFORNIA,"340,000"
2007,MARKETING YEAR,COLORADO,"31,000"
2007,MARKETING YEAR,FLORIDA,"160,000"
2007,MARKETING YEAR,GEORGIA,"60,000"
2007,MARKETING YEAR,HAWAII,"10,000"
2007,MARKETING YEAR,IDAHO,"92,000"
2007,MARKETING YEAR,ILLINOIS,"9,000"
2007,MARKETING YEAR,INDIANA,"8,000"
2007,MARKETING YEAR,IOWA,"26,000"
2007,MARKETING YEAR,KANSAS,"14,000"
2007,MARKETING YEAR,KENTUCKY,"4,000"
2007,MARKETING YEAR,LOUISIANA,"29,000"
2007,MARKETING YEAR,MAINE,"9,000"
2007,MARKETING YEAR,MICHIGAN,"72,000"
2007,MARKETING YEAR,MINNESOTA,"130,000"
2007,MARKETING YEAR,MISSISSIPPI,"15,000"
2007,MARKETING YEAR,MISSOURI,"14,000"
2007,MARKETING YEAR,MONTANA,"135,000"
2007,MARKETING YEAR,NEBRASKA,"45,000"
2007,MARKETING YEAR,NEVADA,"10,000"
2007,MARKETING YEAR,NEW JERSEY,"9,000"
2007,MARKETING YEAR,NEW MEXICO,"6,000"
2007,MARKETING YEAR,NEW YORK,"53,000"
2007,MARKETING YEAR,NORTH CAROLINA,"12,000"
2007,MARKETING YEAR,NORTH DAKOTA,"420,000"
2007,MARKETING YEAR,OHIO,"14,000"
2007,MARKETING YEAR,OREGON,"46,000"
2007,MARKETING YEAR,OTHER STATES,"15,000"
2007,MARKETING YEAR,PENNSYLVANIA,"25,000"
2007,MARKETING YEAR,SOUTH DAKOTA,"255,000"
2007,MARKETING YEAR,TENNESSEE,"7,000"
2007,MARKETING YEAR,TEXAS,"105,000"
2007,MARKETING YEAR,UTAH,"28,000"
2007,MARKETING YEAR,VERMONT,"5,000"
2007,MARKETING YEAR,VIRGINIA,"6,000"
2007,MARKETING YEAR,WASHINGTON,"46,000"
2007,MARKETING YEAR,WEST VIRGINIA,"6,000"
2007,MARKETING YEAR,WISCONSIN,"60,000"
2007,MARKETING YEAR,WYOMING,"43,000"
2006,MARKETING YEAR,ALABAMA,"11,000"
2006,MARKETING YEAR,ARIZONA,"30,000"
2006,MARKETING YEAR,ARKANSAS,"32,000"
2006,MARKETING YEAR,CALIFORNIA,"380,000"
2006,MARKETING YEAR,COLORADO,"36,000"
2006,MARKETING YEAR,FLORIDA,"170,000"
2006,MARKETING YEAR,GEORGIA,"63,000"
2006,MARKETING YEAR,HAWAII,"10,000"
2006,MARKETING YEAR,IDAHO,"95,000"
2006,MARKETING YEAR,ILLINOIS,"10,000"
2006,MARKETING YEAR,INDIANA,"7,000"
2006,MARKETING YEAR,IOWA,"26,000"
2006,MARKETING YEAR,KANSAS,"14,000"
2006,MARKETING YEAR,KENTUCKY,"5,000"
2006,MARKETING YEAR,LOUISIANA,"30,000"
2006,MARKETING YEAR,MAINE,"11,000"
2006,MARKETING YEAR,MICHIGAN,"72,000"
2006,MARKETING YEAR,MINNESOTA,"125,000"
2006,MARKETING YEAR,MISSISSIPPI,"14,000"
2006,MARKETING YEAR,MISSOURI,"15,000"
2006,MARKETING YEAR,MONTANA,"132,000"
2006,MARKETING YEAR,NEBRASKA,"47,000"
2006,MARKETING YEAR,NEVADA,"9,000"
2006,MARKETING YEAR,NEW JERSEY,"9,000"
2006,MARKETING YEAR,NEW MEXICO,"7,000"
2006,MARKETING YEAR,NEW YORK,"58,000"
2006,MARKETING YEAR,NORTH CAROLINA,"10,000"
2006,MARKETING YEAR,NORTH DAKOTA,"350,000"
2006,MARKETING YEAR,OHIO,"14,000"
2006,MARKETING YEAR,OREGON,"46,000"
2006,MARKETING YEAR,OTHER STATES,"16,000"
2006,MARKETING YEAR,PENNSYLVANIA,"28,000"
2006,MARKETING YEAR,SOUTH DAKOTA,"225,000"
2006,MARKETING YEAR,TENNESSEE,"7,000"
2006,MARKETING YEAR,TEXAS,"82,000"
2006,MARKETING YEAR,UTAH,"26,000"
2006,MARKETING YEAR,VERMONT,"6,000"
2006,MARKETING YEAR,VIRGINIA,"8,000"
2006,MARKETING YEAR,WASHINGTON,"49,000"
2006,MARKETING YEAR,WEST VIRGINIA,"6,000"
2006,MARKETING YEAR,WISCONSIN,"64,000"
2006,MARKETING YEAR,WYOMING,"39,000"
2005,MARKETING YEAR,ALABAMA,"13,000"
2005,MARKETING YEAR,ARIZONA,"36,000"
2005,MARKETING YEAR,ARKANSAS,"36,000"
2005,MARKETING YEAR,CALIFORNIA,"400,000"
2005,MARKETING YEAR,COLORADO,"28,000"
2005,MARKETING YEAR,FLORIDA,"160,000"
2005,MARKETING YEAR,GEORGIA,"59,000"
2005,MARKETING YEAR,HAWAII,"9,000"
2005,MARKETING YEAR,IDAHO,"95,000"
2005,MARKETING YEAR,ILLINOIS,"8,000"
2005,MARKETING YEAR,INDIANA,"8,000"
2005,MARKETING YEAR,IOWA,"28,000"
2005,MARKETING YEAR,KANSAS,"16,000"
2005,MARKETING YEAR,KENTUCKY,"5,000"
2005,MARKETING YEAR,LOUISIANA,"35,000"
2005,MARKETING YEAR,MAINE,"8,000"
2005,MARKETING YEAR,MICHIGAN,"65,000"
2005,MARKETING YEAR,MINNESOTA,"120,000"
2005,MARKETING YEAR,MISSISSIPPI,"16,000"
2005,MARKETING YEAR,MISSOURI,"15,000"
2005,MARKETING YEAR,MONTANA,"130,000"
2005,MARKETING YEAR,NEBRASKA,"40,000"
2005,MARKETING YEAR,NEVADA,"12,000"
2005,MARKETING YEAR,NEW JERSEY,"12,000"
2005,MARKETING YEAR,NEW MEXICO,"7,000"
2005,MARKETING YEAR,NEW YORK,"59,000"
2005,MARKETING YEAR,NORTH CAROLINA,"10,000"
2005,MARKETING YEAR,NORTH DAKOTA,"370,000"
2005,MARKETING YEAR,OHIO,"15,000"
2005,MARKETING YEAR,OREGON,"39,000"
2005,MARKETING YEAR,OTHER STATES,"15,000"
2005,MARKETING YEAR,PENNSYLVANIA,"28,000"
2005,MARKETING YEAR,SOUTH DAKOTA,"220,000"
2005,MARKETING YEAR,TENNESSEE,"7,000"
2005,MARKETING YEAR,TEXAS,"84,000"
2005,MARKETING YEAR,UTAH,"24,000"
2005,MARKETING YEAR,VERMONT,"6,000"
2005,MARKETING YEAR,VIRGINIA,"8,000"
2005,MARKETING YEAR,WASHINGTON,"51,000"
2005,MARKETING YEAR,WEST VIRGINIA,"8,000"
2005,MARKETING YEAR,WISCONSIN,"64,000"
2005,MARKETING YEAR,WYOMING,"40,000"
2004,MARKETING YEAR,ALABAMA,"12,000"
2004,MARKETING YEAR,ARIZONA,"32,000"
2004,MARKETING YEAR,ARKANSAS,"40,000"
2004,MARKETING YEAR,CALIFORNIA,"390,000"
2004,MARKETING YEAR,COLORADO,"23,000"
2004,MARKETING YEAR,FLORIDA,"205,000"
2004,MARKETING YEAR,GEORGIA,"63,000"
2004,MARKETING YEAR,HAWAII,"8,000"
2004,MARKETING YEAR,IDAHO,"100,000"
2004,MARKETING YEAR,ILLINOIS,"7,000"
2004,MARKETING YEAR,INDIANA,"7,000"
2004,MARKETING YEAR,IOWA,"35,000"
2004,MARKETING YEAR,KANSAS,"14,000"
2004,MARKETING YEAR,KENTUCKY,"5,000"
2004,MARKETING YEAR,LOUISIANA,"35,000"
2004,MARKETING YEAR,MAINE,"7,000"
2004,MARKETING YEAR,MICHIGAN,"65,000"
2004,MARKETING YEAR,MINNESOTA,"135,000"
2004,MARKETING YEAR,MISSISSIPPI,"18,000"
2004,MARKETING YEAR,MISSOURI,"16,000"
2004,MARKETING YEAR,MONTANA,"140,000"
2004,MARKETING YEAR,NEBRASKA,"51,000"
2004,MARKETING YEAR,NEVADA,"14,000"
2004,MARKETING YEAR,NEW JERSEY,"12,000"
2004,MARKETING YEAR,NEW MEXICO,"8,000"
2004,MARKETING YEAR,NEW YORK,"64,000"
2004,MARKETING YEAR,NORTH CAROLINA,"9,000"
2004,MARKETING YEAR,NORTH DAKOTA,"390,000"
2004,MARKETING YEAR,OHIO,"16,000"
2004,MARKETING YEAR,OREGON,"42,000"
2004,MARKETING YEAR,OTHER STATES,"15,000"
2004,MARKETING YEAR,PENNSYLVANIA,"30,000"
2004,MARKETING YEAR,SOUTH DAKOTA,"215,000"
2004,MARKETING YEAR,TENNESSEE,"6,000"
2004,MARKETING YEAR,TEXAS,"116,000"
2004,MARKETING YEAR,UTAH,"24,000"
2004,MARKETING YEAR,VERMONT,"6,000"
2004,MARKETING YEAR,VIRGINIA,"7,000"
2004,MARKETING YEAR,WASHINGTON,"56,000"
2004,MARKETING YEAR,WEST VIRGINIA,"9,000"
2004,MARKETING YEAR,WISCONSIN,"68,000"
2004,MARKETING YEAR,WYOMING,"39,000"
2003,MARKETING YEAR,ALABAMA,"13,000"
2003,MARKETING YEAR,ARIZONA,"35,000"
2003,MARKETING YEAR,ARKANSAS,"40,000"
2003,MARKETING YEAR,CALIFORNIA,"480,000"
2003,MARKETING YEAR,COLORADO,"24,000"
2003,MARKETING YEAR,FLORIDA,"210,000"
2003,MARKETING YEAR,GEORGIA,"52,000"
2003,MARKETING YEAR,HAWAII,"7,000"
2003,MARKETING YEAR,IDAHO,"100,000"
2003,MARKETING YEAR,ILLINOIS,"7,000"
2003,MARKETING YEAR,INDIANA,"5,000"
2003,MARKETING YEAR,IOWA,"32,000"
2003,MARKETING YEAR,KANSAS,"16,000"
2003,MARKETING YEAR,KENTUCKY,"5,000"
2003,MARKETING YEAR,LOUISIANA,"34,000"
2003,MARKETING YEAR,MAINE,"8,000"
2003,MARKETING YEAR,MARYLAND,"2,000"
2003,MARKETING YEAR,MICHIGAN,"65,000"
2003,MARKETING YEAR,MINNESOTA,"120,000"
2003,MARKETING YEAR,MISSISSIPPI,"21,000"
2003,MARKETING YEAR,MISSOURI,"17,000"
2003,MARKETING YEAR,MONTANA,"145,000"
2003,MARKETING YEAR,NEBRASKA,"45,000"
2003,MARKETING YEAR,NEVADA,"6,000"
2003,MARKETING YEAR,NEW JERSEY,"10,000"
2003,MARKETING YEAR,NEW MEXICO,"6,000"
2003,MARKETING YEAR,NEW YORK,"67,000"
2003,MARKETING YEAR,NORTH CAROLINA,"10,000"
2003,MARKETING YEAR,NORTH DAKOTA,"340,000"
2003,MARKETING YEAR,OHIO,"15,000"
2003,MARKETING YEAR,OKLAHOMA,"3,000"
2003,MARKETING YEAR,OREGON,"42,000"
2003,MARKETING YEAR,OTHER STATES,"8,000"
2003,MARKETING YEAR,PENNSYLVANIA,"27,000"
2003,MARKETING YEAR,SOUTH CAROLINA,"4,000"
2003,MARKETING YEAR,SOUTH DAKOTA,"215,000"
2003,MARKETING YEAR,TENNESSEE,"6,000"
2003,MARKETING YEAR,TEXAS,"140,000"
2003,MARKETING YEAR,UTAH,"25,000"
2003,MARKETING YEAR,VERMONT,"7,000"
2003,MARKETING YEAR,VIRGINIA,"6,000"
2003,MARKETING YEAR,WASHINGTON,"58,000"
2003,MARKETING YEAR,WEST VIRGINIA,"8,000"
2003,MARKETING YEAR,WISCONSIN,"74,000"
2003,MARKETING YEAR,WYOMING,"39,000"
2002,MARKETING YEAR,ALABAMA,"12,000"
2002,MARKETING YEAR,ARIZONA,"38,000"
2002,MARKETING YEAR,ARKANSAS,"45,000"
2002,MARKETING YEAR,CALIFORNIA,"470,000"
2002,MARKETING YEAR,COLORADO,"24,000"
2002,MARKETING YEAR,FLORIDA,"220,000"
2002,MARKETING YEAR,GEORGIA,"50,000"
2002,MARKETING YEAR,HAWAII,"7,000"
2002,MARKETING YEAR,IDAHO,"100,000"
2002,MARKETING YEAR,ILLINOIS,"9,000"
2002,MARKETING YEAR,INDIANA,"8,000"
2002,MARKETING YEAR,IOWA,"33,000"
2002,MARKETING YEAR,KANSAS,"17,000"
2002,MARKETING YEAR,KENTUCKY,"5,000"
2002,MARKETING YEAR,LOUISIANA,"35,000"
2002,MARKETING YEAR,MAINE,"11,000"
2002,MARKETING YEAR,MARYLAND,"3,000"
2002,MARKETING YEAR,MICHIGAN,"72,000"
2002,MARKETING YEAR,MINNESOTA,"117,000"
2002,MARKETING YEAR,MISSISSIPPI,"18,000"
2002,MARKETING YEAR,MISSOURI,"18,000"
2002,MARKETING YEAR,MONTANA,"134,000"
2002,MARKETING YEAR,NEBRASKA,"43,000"
2002,MARKETING YEAR,NEVADA,"9,000"
2002,MARKETING YEAR,NEW JERSEY,"11,000"
2002,MARKETING YEAR,NEW MEXICO,"11,000"
2002,MARKETING YEAR,NEW YORK,"60,000"
2002,MARKETING YEAR,NORTH CAROLINA,"16,000"
2002,MARKETING YEAR,NORTH DAKOTA,"320,000"
2002,MARKETING YEAR,OHIO,"18,000"
2002,MARKETING YEAR,OKLAHOMA,"3,000"
2002,MARKETING YEAR,OREGON,"43,000"
2002,MARKETING YEAR,OTHER STATES,"9,000"
2002,MARKETING YEAR,PENNSYLVANIA,"29,000"
2002,MARKETING YEAR,SOUTH CAROLINA,"5,000"
2002,MARKETING YEAR,SOUTH DAKOTA,"225,000"
2002,MARKETING YEAR,TENNESSEE,"8,000"
2002,MARKETING YEAR,TEXAS,"114,000"
2002,MARKETING YEAR,UTAH,"22,000"
2002,MARKETING YEAR,VERMONT,"7,000"
2002,MARKETING YEAR,VIRGINIA,"8,000"
2002,MARKETING YEAR,WASHINGTON,"50,000"
2002,MARKETING YEAR,WEST VIRGINIA,"9,000"
2002,MARKETING YEAR,WISCONSIN,"70,000"
2002,MARKETING YEAR,WYOMING,"38,000"
2001,MARKETING YEAR,ALABAMA,"14,000"
2001,MARKETING YEAR,ARIZONA,"43,000"
2001,MARKETING YEAR,ARKANSAS,"50,000"
2001,MARKETING YEAR,CALIFORNIA,"460,000"
2001,MARKETING YEAR,COLORADO,"26,000"
2001,MARKETING YEAR,FLORIDA,"220,000"
2001,MARKETING YEAR,GEORGIA,"55,000"
2001,MARKETING YEAR,HAWAII,"8,000"
2001,MARKETING YEAR,IDAHO,"100,000"
2001,MARKETING YEAR,ILLINOIS,"6,000"
2001,MARKETING YEAR,INDIANA,"7,000"
2001,MARKETING YEAR,IOWA,"33,000"
2001,MARKETING YEAR,KANSAS,"13,000"
2001,MARKETING YEAR,KENTUCKY,"4,000"
2001,MARKETING YEAR,LOUISIANA,"45,000"
2001,MARKETING YEAR,MAINE,"11,000"
2001,MARKETING YEAR,MARYLAND,"4,000"
2001,MARKETING YEAR,MICHIGAN,"76,000"
2001,MARKETING YEAR,MINNESOTA,"135,000"
2001,MARKETING YEAR,MISSISSIPPI,"17,000"
2001,MARKETING YEAR,MISSOURI,"22,000"
2001,MARKETING YEAR,MONTANA,"136,000"
2001,MARKETING YEAR,NEBRASKA,"43,000"
2001,MARKETING YEAR,NEVADA,"9,000"
2001,MARKETING YEAR,NEW JERSEY,"11,000"
2001,MARKETING YEAR,NEW MEXICO,"10,000"
2001,MARKETING YEAR,NEW YORK,"53,000"
2001,MARKETING YEAR,NORTH CAROLINA,"13,000"
2001,MARKETING YEAR,NORTH DAKOTA,"280,000"
2001,MARKETING YEAR,OHIO,"18,000"
2001,MARKETING YEAR,OKLAHOMA,"4,000"
2001,MARKETING YEAR,OREGON,"44,000"
2001,MARKETING YEAR,OTHER STATES,"8,000"
2001,MARKETING YEAR,PENNSYLVANIA,"26,000"
2001,MARKETING YEAR,SOUTH CAROLINA,"7,000"
2001,MARKETING YEAR,SOUTH DAKOTA,"235,000"
2001,MARKETING YEAR,TENNESSEE,"8,000"
2001,MARKETING YEAR,TEXAS,"97,000"
2001,MARKETING YEAR,UTAH,"23,000"
2001,MARKETING YEAR,VERMONT,"7,000"
2001,MARKETING YEAR,VIRGINIA,"9,000"
2001,MARKETING YEAR,WASHINGTON,"48,000"
2001,MARKETING YEAR,WEST VIRGINIA,"7,000"
2001,MARKETING YEAR,WISCONSIN,"67,000"
2001,MARKETING YEAR,WYOMING,"38,000"
2000,MARKETING YEAR,ALABAMA,"16,000"
2000,MARKETING YEAR,ARIZONA,"40,000"
2000,MARKETING YEAR,ARKANSAS,"52,000"
2000,MARKETING YEAR,CALIFORNIA,"440,000"
2000,MARKETING YEAR,COLORADO,"29,000"
2000,MARKETING YEAR,FLORIDA,"232,000"
2000,MARKETING YEAR,GEORGIA,"55,000"
2000,MARKETING YEAR,HAWAII,"7,000"
2000,MARKETING YEAR,IDAHO,"100,000"
2000,MARKETING YEAR,ILLINOIS,"8,000"
2000,MARKETING YEAR,INDIANA,"8,000"
2000,MARKETING YEAR,IOWA,"30,000"
2000,MARKETING YEAR,KANSAS,"15,000"
2000,MARKETING YEAR,KENTUCKY,"4,000"
2000,MARKETING YEAR,LOUISIANA,"43,000"
2000,MARKETING YEAR,MAINE,"11,000"
2000,MARKETING YEAR,MARYLAND,"6,000"
2000,MARKETING YEAR,MICHIGAN,"72,000"
2000,MARKETING YEAR,MINNESOTA,"150,000"
2000,MARKETING YEAR,MISSISSIPPI,"17,000"
2000,MARKETING YEAR,MISSOURI,"23,000"
2000,MARKETING YEAR,MONTANA,"124,000"
2000,MARKETING YEAR,NEBRASKA,"50,000"
2000,MARKETING YEAR,NEVADA,"10,000"
2000,MARKETING YEAR,NEW JERSEY,"11,000"
2000,MARKETING YEAR,NEW MEXICO,"15,000"
2000,MARKETING YEAR,NEW YORK,"58,000"
2000,MARKETING YEAR,NORTH CAROLINA,"11,000"
2000,MARKETING YEAR,NORTH DAKOTA,"300,000"
2000,MARKETING YEAR,OHIO,"18,000"
2000,MARKETING YEAR,OKLAHOMA,"7,000"
2000,MARKETING YEAR,OREGON,"48,000"
2000,MARKETING YEAR,OTHER STATES,"18,000"
2000,MARKETING YEAR,PENNSYLVANIA,"25,000"
2000,MARKETING YEAR,SOUTH DAKOTA,"235,000"
2000,MARKETING YEAR,TENNESSEE,"9,000"
2000,MARKETING YEAR,TEXAS,"105,000"
2000,MARKETING YEAR,UTAH,"24,000"
2000,MARKETING YEAR,VERMONT,"7,000"
2000,MARKETING YEAR,VIRGINIA,"7,000"
2000,MARKETING YEAR,WASHINGTON,"52,000"
2000,MARKETING YEAR,WEST VIRGINIA,"7,000"
2000,MARKETING YEAR,WISCONSIN,"84,000"
2000,MARKETING YEAR,WYOMING,"39,000"
1999,MARKETING YEAR,ALABAMA,"17,000"
1999,MARKETING YEAR,ARIZONA,"52,000"
1999,MARKETING YEAR,ARKANSAS,"52,000"
1999,MARKETING YEAR,CALIFORNIA,"465,000"
1999,MARKETING YEAR,COLORADO,"27,000"
1999,MARKETING YEAR,FLORIDA,"228,000"
1999,MARKETING YEAR,GEORGIA,"65,000"
1999,MARKETING YEAR,HAWAII,"8,000"
1999,MARKETING YEAR,IDAHO,"120,000"
1999,MARKETING YEAR,ILLINOIS,"9,000"
1999,MARKETING YEAR,INDIANA,"10,000"
1999,MARKETING YEAR,IOWA,"40,000"
1999,MARKETING YEAR,KANSAS,"13,000"
1999,MARKETING YEAR,KENTUCKY,"3,000"
1999,MARKETING YEAR,LOUISIANA,"48,000"
1999,MARKETING YEAR,MAINE,"14,000"
1999,MARKETING YEAR,MARYLAND,"6,000"
1999,MARKETING YEAR,MICHIGAN,"73,000"
1999,MARKETING YEAR,MINNESOTA,"145,000"
1999,MARKETING YEAR,MISSISSIPPI,"18,000"
1999,MARKETING YEAR,MISSOURI,"24,000"
1999,MARKETING YEAR,MONTANA,"122,000"
1999,MARKETING YEAR,NEBRASKA,"58,000"
1999,MARKETING YEAR,NEVADA,"9,000"
1999,MARKETING YEAR,NEW JERSEY,"10,000"
1999,MARKETING YEAR,NEW MEXICO,"15,000"
1999,MARKETING YEAR,NEW YORK,"69,000"
1999,MARKETING YEAR,NORTH CAROLINA,"9,000"
1999,MARKETING YEAR,NORTH DAKOTA,"255,000"
1999,MARKETING YEAR,OHIO,"20,000"
1999,MARKETING YEAR,OKLAHOMA,"6,000"
1999,MARKETING YEAR,OREGON,"45,000"
1999,MARKETING YEAR,OTHER STATES,"15,000"
1999,MARKETING YEAR,PENNSYLVANIA,"28,000"
1999,MARKETING YEAR,SOUTH DAKOTA,"224,000"
1999,MARKETING YEAR,TENNESSEE,"8,000"
1999,MARKETING YEAR,TEXAS,"108,000"
1999,MARKETING YEAR,UTAH,"26,000"
1999,MARKETING YEAR,VERMONT,"6,000"
1999,MARKETING YEAR,VIRGINIA,"7,000"
1999,MARKETING YEAR,WASHINGTON,"52,000"
1999,MARKETING YEAR,WEST VIRGINIA,"6,000"
1999,MARKETING YEAR,WISCONSIN,"80,000"
1999,MARKETING YEAR,WYOMING,"37,000"
1998,MARKETING YEAR,ALABAMA,"16,000"
1998,MARKETING YEAR,ARIZONA,"55,000"
1998,MARKETING YEAR,ARKANSAS,"53,000"
1998,MARKETING YEAR,CALIFORNIA,"450,000"
1998,MARKETING YEAR,COLORADO,"27,000"
1998,MARKETING YEAR,FLORIDA,"230,000"
1998,MARKETING YEAR,GEORGIA,"75,000"
1998,MARKETING YEAR,HAWAII,"8,000"
1998,MARKETING YEAR,IDAHO,"120,000"
1998,MARKETING YEAR,ILLINOIS,"9,000"
1998,MARKETING YEAR,INDIANA,"9,000"
1998,MARKETING YEAR,IOWA,"50,000"
1998,MARKETING YEAR,KANSAS,"16,000"
1998,MARKETING YEAR,KENTUCKY,"3,000"
1998,MARKETING YEAR,LOUISIANA,"41,000"
1998,MARKETING YEAR,MAINE,"10,000"
1998,MARKETING YEAR,MARYLAND,"7,000"
1998,MARKETING YEAR,MICHIGAN,"80,000"
1998,MARKETING YEAR,MINNESOTA,"140,000"
1998,MARKETING YEAR,MISSISSIPPI,"18,000"
1998,MARKETING YEAR,MISSOURI,"23,000"
1998,MARKETING YEAR,MONTANA,"115,000"
1998,MARKETING YEAR,NEBRASKA,"64,000"
1998,MARKETING YEAR,NEVADA,"10,000"
1998,MARKETING YEAR,NEW JERSEY,"11,000"
1998,MARKETING YEAR,NEW MEXICO,"14,000"
1998,MARKETING YEAR,NEW YORK,"65,000"
1998,MARKETING YEAR,NORTH CAROLINA,"8,000"
1998,MARKETING YEAR,NORTH DAKOTA,"230,000"
1998,MARKETING YEAR,OHIO,"18,000"
1998,MARKETING YEAR,OKLAHOMA,"4,000"
1998,MARKETING YEAR,OREGON,"50,000"
1998,MARKETING YEAR,OTHER STATES,"16,000"
1998,MARKETING YEAR,PENNSYLVANIA,"26,000"
1998,MARKETING YEAR,SOUTH DAKOTA,"225,000"
1998,MARKETING YEAR,TENNESSEE,"7,000"
1998,MARKETING YEAR,TEXAS,"91,000"
1998,MARKETING YEAR,UTAH,"30,000"
1998,MARKETING YEAR,VERMONT,"6,000"
1998,MARKETING YEAR,VIRGINIA,"8,000"
1998,MARKETING YEAR,WASHINGTON,"58,000"
1998,MARKETING YEAR,WEST VIRGINIA,"6,000"
1998,MARKETING YEAR,WISCONSIN,"89,000"
1998,MARKETING YEAR,WYOMING,"46,000"
1997,MARKETING YEAR,ALABAMA,"14,000"
1997,MARKETING YEAR,ARIZONA,"42,000"
1997,MARKETING YEAR,ARKANSAS,"50,000"
1997,MARKETING YEAR,CALIFORNIA,"420,000"
1997,MARKETING YEAR,COLORADO,"35,000"
1997,MARKETING YEAR,FLORIDA,"240,000"
1997,MARKETING YEAR,GEORGIA,"75,000"
1997,MARKETING YEAR,HAWAII,"9,000"
1997,MARKETING YEAR,IDAHO,"120,000"
1997,MARKETING YEAR,ILLINOIS,"7,000"
1997,MARKETING YEAR,INDIANA,"8,000"
1997,MARKETING YEAR,IOWA,"45,000"
1997,MARKETING YEAR,KANSAS,"17,000"
1997,MARKETING YEAR,KENTUCKY,"3,000"
1997,MARKETING YEAR,LOUISIANA,"44,000"
1997,MARKETING YEAR,MAINE,"8,000"
1997,MARKETING YEAR,MARYLAND,"6,000"
1997,MARKETING YEAR,MICHIGAN,"85,000"
1997,MARKETING YEAR,MINNESOTA,"145,000"
1997,MARKETING YEAR,MISSISSIPPI,"19,000"
1997,MARKETING YEAR,MISSOURI,"24,000"
1997,MARKETING YEAR,MONTANA,"107,000"
1997,MARKETING YEAR,NEBRASKA,"61,000"
1997,MARKETING YEAR,NEVADA,"14,000"
1997,MARKETING YEAR,NEW JERSEY,"10,000"
1997,MARKETING YEAR,NEW MEXICO,"15,000"
1997,MARKETING YEAR,NEW YORK,"72,000"
1997,MARKETING YEAR,NORTH CAROLINA,"8,000"
1997,MARKETING YEAR,NORTH DAKOTA,"245,000"
1997,MARKETING YEAR,OHIO,"22,000"
1997,MARKETING YEAR,OKLAHOMA,"4,000"
1997,MARKETING YEAR,OREGON,"50,000"
1997,MARKETING YEAR,OTHER STATES,"14,000"
1997,MARKETING YEAR,PENNSYLVANIA,"22,000"
1997,MARKETING YEAR,SOUTH DAKOTA,"240,000"
1997,MARKETING YEAR,TENNESSEE,"7,000"
1997,MARKETING YEAR,TEXAS,"94,000"
1997,MARKETING YEAR,UTAH,"32,000"
1997,MARKETING YEAR,VERMONT,"5,000"
1997,MARKETING YEAR,VIRGINIA,"8,000"
1997,MARKETING YEAR,WASHINGTON,"60,000"
1997,MARKETING YEAR,WEST VIRGINIA,"8,000"
1997,MARKETING YEAR,WISCONSIN,"79,000"
1997,MARKETING YEAR,WYOMING,"38,000"
1996,MARKETING YEAR,ALABAMA,"15,000"
1996,MARKETING YEAR,ARIZONA,"32,000"
1996,MARKETING YEAR,ARKANSAS,"50,000"
1996,MARKETING YEAR,CALIFORNIA,"390,000"
1996,MARKETING YEAR,COLORADO,"30,000"
1996,MARKETING YEAR,FLORIDA,"240,000"
1996,MARKETING YEAR,GEORGIA,"75,000"
1996,MARKETING YEAR,HAWAII,"8,000"
1996,MARKETING YEAR,IDAHO,"110,000"
1996,MARKETING YEAR,ILLINOIS,"11,000"
1996,MARKETING YEAR,INDIANA,"9,000"
1996,MARKETING YEAR,IOWA,"52,000"
1996,MARKETING YEAR,KANSAS,"16,000"
1996,MARKETING YEAR,KENTUCKY,"3,000"
1996,MARKETING YEAR,LOUISIANA,"44,000"
1996,MARKETING YEAR,MAINE,"9,000"
1996,MARKETING YEAR,MARYLAND,"7,000"
1996,MARKETING YEAR,MICHIGAN,"90,000"
1996,MARKETING YEAR,MINNESOTA,"150,000"
1996,MARKETING YEAR,MISSISSIPPI,"17,000"
1996,MARKETING YEAR,MISSOURI,"22,000"
1996,MARKETING YEAR,MONTANA,"117,000"
1996,MARKETING YEAR,NEBRASKA,"65,000"
1996,MARKETING YEAR,NEVADA,"14,000"
1996,MARKETING YEAR,NEW JERSEY,"7,000"
1996,MARKETING YEAR,NEW MEXICO,"15,000"
1996,MARKETING YEAR,NEW YORK,"68,000"
1996,MARKETING YEAR,NORTH CAROLINA,"12,000"
1996,MARKETING YEAR,NORTH DAKOTA,"230,000"
1996,MARKETING YEAR,OHIO,"24,000"
1996,MARKETING YEAR,OKLAHOMA,"4,000"
1996,MARKETING YEAR,OREGON,"55,000"
1996,MARKETING YEAR,OTHER STATES,"7,000"
1996,MARKETING YEAR,PENNSYLVANIA,"23,000"
1996,MARKETING YEAR,SOUTH CAROLINA,"9,000"
1996,MARKETING YEAR,SOUTH DAKOTA,"240,000"
1996,MARKETING YEAR,TENNESSEE,"5,000"
1996,MARKETING YEAR,TEXAS,"82,000"
1996,MARKETING YEAR,UTAH,"34,000"
1996,MARKETING YEAR,VERMONT,"4,000"
1996,MARKETING YEAR,VIRGINIA,"7,000"
1996,MARKETING YEAR,WASHINGTON,"60,000"
1996,MARKETING YEAR,WEST VIRGINIA,"10,000"
1996,MARKETING YEAR,WISCONSIN,"69,000"
1996,MARKETING YEAR,WYOMING,"40,000"
1995,MARKETING YEAR,ALABAMA,"16,000"
1995,MARKETING YEAR,ARIZONA,"52,000"
1995,MARKETING YEAR,ARKANSAS,"55,000"
1995,MARKETING YEAR,CALIFORNIA,"420,000"
1995,MARKETING YEAR,COLORADO,"45,000"
1995,MARKETING YEAR,FLORIDA,"230,000"
1995,MARKETING YEAR,GEORGIA,"70,000"
1995,MARKETING YEAR,HAWAII,"8,000"
1995,MARKETING YEAR,IDAHO,"125,000"
1995,MARKETING YEAR,ILLINOIS,"11,000"
1995,MARKETING YEAR,INDIANA,"12,000"
1995,MARKETING YEAR,IOWA,"45,000"
1995,MARKETING YEAR,KANSAS,"17,000"
1995,MARKETING YEAR,KENTUCKY,"3,000"
1995,MARKETING YEAR,LOUISIANA,"38,000"
1995,MARKETING YEAR,MAINE,"11,000"
1995,MARKETING YEAR,MARYLAND,"7,000"
1995,MARKETING YEAR,MICHIGAN,"97,000"
1995,MARKETING YEAR,MINNESOTA,"165,000"
1995,MARKETING YEAR,MISSISSIPPI,"16,000"
1995,MARKETING YEAR,MISSOURI,"23,000"
1995,MARKETING YEAR,MONTANA,"106,000"
1995,MARKETING YEAR,NEBRASKA,"60,000"
1995,MARKETING YEAR,NEVADA,"10,000"
1995,MARKETING YEAR,NEW JERSEY,"10,000"
1995,MARKETING YEAR,NEW MEXICO,"19,000"
1995,MARKETING YEAR,NEW YORK,"70,000"
1995,MARKETING YEAR,NORTH CAROLINA,"12,000"
1995,MARKETING YEAR,NORTH DAKOTA,"220,000"
1995,MARKETING YEAR,OHIO,"25,000"
1995,MARKETING YEAR,OKLAHOMA,"4,000"
1995,MARKETING YEAR,OREGON,"52,000"
1995,MARKETING YEAR,OTHER STATES,"8,000"
1995,MARKETING YEAR,PENNSYLVANIA,"25,000"
1995,MARKETING YEAR,SOUTH CAROLINA,"9,000"
1995,MARKETING YEAR,SOUTH DAKOTA,"240,000"
1995,MARKETING YEAR,TENNESSEE,"5,000"
1995,MARKETING YEAR,TEXAS,"84,000"
1995,MARKETING YEAR,UTAH,"32,000"
1995,MARKETING YEAR,VERMONT,"5,000"
1995,MARKETING YEAR,VIRGINIA,"9,000"
1995,MARKETING YEAR,WASHINGTON,"60,000"
1995,MARKETING YEAR,WEST VIRGINIA,"13,000"
1995,MARKETING YEAR,WISCONSIN,"73,000"
1995,MARKETING YEAR,WYOMING,"38,000"
1994,MARKETING YEAR,ALABAMA,"18,000"
1994,MARKETING YEAR,ARIZONA,"53,000"
1994,MARKETING YEAR,ARKANSAS,"55,000"
1994,MARKETING YEAR,CALIFORNIA,"400,000"
1994,MARKETING YEAR,COLORADO,"45,000"
1994,MARKETING YEAR,FLORIDA,"230,000"
1994,MARKETING YEAR,GEORGIA,"80,000"
1994,MARKETING YEAR,HAWAII,"9,000"
1994,MARKETING YEAR,IDAHO,"127,000"
1994,MARKETING YEAR,ILLINOIS,"13,000"
1994,MARKETING YEAR,INDIANA,"13,000"
1994,MARKETING YEAR,IOWA,"52,000"
1994,MARKETING YEAR,KANSAS,"19,000"
1994,MARKETING YEAR,KENTUCKY,"3,000"
1994,MARKETING YEAR,LOUISIANA,"40,000"
1994,MARKETING YEAR,MAINE,"8,000"
1994,MARKETING YEAR,MARYLAND,"7,000"
1994,MARKETING YEAR,MICHIGAN,"90,000"
1994,MARKETING YEAR,MINNESOTA,"170,000"
1994,MARKETING YEAR,MISSISSIPPI,"19,000"
1994,MARKETING YEAR,MISSOURI,"25,000"
1994,MARKETING YEAR,MONTANA,"119,000"
1994,MARKETING YEAR,NEBRASKA,"72,000"
1994,MARKETING YEAR,NEVADA,"14,000"
1994,MARKETING YEAR,NEW JERSEY,"11,000"
1994,MARKETING YEAR,NEW MEXICO,"19,000"
1994,MARKETING YEAR,NEW YORK,"68,000"
1994,MARKETING YEAR,NORTH CAROLINA,"15,000"
1994,MARKETING YEAR,NORTH DAKOTA,"235,000"
1994,MARKETING YEAR,OHIO,"27,000"
1994,MARKETING YEAR,OKLAHOMA,"5,000"
1994,MARKETING YEAR,OREGON,"50,000"
1994,MARKETING YEAR,OTHER STATES,"6,000"
1994,MARKETING YEAR,PENNSYLVANIA,"27,000"
1994,MARKETING YEAR,SOUTH CAROLINA,"10,000"
1994,MARKETING YEAR,SOUTH DAKOTA,"260,000"
1994,MARKETING YEAR,TENNESSEE,"6,000"
1994,MARKETING YEAR,TEXAS,"103,000"
1994,MARKETING YEAR,UTAH,"43,000"
1994,MARKETING YEAR,VERMONT,"5,000"
1994,MARKETING YEAR,VIRGINIA,"11,000"
1994,MARKETING YEAR,WASHINGTON,"60,000"
1994,MARKETING YEAR,WEST VIRGINIA,"20,000"
1994,MARKETING YEAR,WISCONSIN,"75,000"
1994,MARKETING YEAR,WYOMING,"46,000"
1993,MARKETING YEAR,ALABAMA,"19,000"
1993,MARKETING YEAR,ARIZONA,"55,000"
1993,MARKETING YEAR,ARKANSAS,"50,000"
1993,MARKETING YEAR,CALIFORNIA,"500,000"
1993,MARKETING YEAR,COLORADO,"53,000"
1993,MARKETING YEAR,FLORIDA,"200,000"
1993,MARKETING YEAR,GEORGIA,"80,000"
1993,MARKETING YEAR,HAWAII,"9,000"
1993,MARKETING YEAR,IDAHO,"133,000"
1993,MARKETING YEAR,ILLINOIS,"15,000"
1993,MARKETING YEAR,INDIANA,"12,000"
1993,MARKETING YEAR,IOWA,"56,000"
1993,MARKETING YEAR,KANSAS,"23,000"
1993,MARKETING YEAR,KENTUCKY,"4,000"
1993,MARKETING YEAR,LOUISIANA,"47,000"
1993,MARKETING YEAR,MAINE,"13,000"
1993,MARKETING YEAR,MARYLAND,"7,000"
1993,MARKETING YEAR,MICHIGAN,"90,000"
1993,MARKETING YEAR,MINNESOTA,"180,000"
1993,MARKETING YEAR,MISSISSIPPI,"17,000"
1993,MARKETING YEAR,MISSOURI,"24,000"
1993,MARKETING YEAR,MONTANA,"95,000"
1993,MARKETING YEAR,NEBRASKA,"83,000"
1993,MARKETING YEAR,NEVADA,"14,000"
1993,MARKETING YEAR,NEW JERSEY,"11,000"
1993,MARKETING YEAR,NEW MEXICO,"18,000"
1993,MARKETING YEAR,NEW YORK,"65,000"
1993,MARKETING YEAR,NORTH CAROLINA,"15,000"
1993,MARKETING YEAR,NORTH DAKOTA,"220,000"
1993,MARKETING YEAR,OHIO,"30,000"
1993,MARKETING YEAR,OKLAHOMA,"6,000"
1993,MARKETING YEAR,OREGON,"53,000"
1993,MARKETING YEAR,OTHER STATES,"9,000"
1993,MARKETING YEAR,PENNSYLVANIA,"28,000"
1993,MARKETING YEAR,SOUTH CAROLINA,"11,000"
1993,MARKETING YEAR,SOUTH DAKOTA,"245,000"
1993,MARKETING YEAR,TENNESSEE,"8,000"
1993,MARKETING YEAR,TEXAS,"105,000"
1993,MARKETING YEAR,UTAH,"42,000"
1993,MARKETING YEAR,VERMONT,"6,000"
1993,MARKETING YEAR,VIRGINIA,"10,000"
1993,MARKETING YEAR,WASHINGTON,"60,000"
1993,MARKETING YEAR,WEST VIRGINIA,"20,000"
1993,MARKETING YEAR,WISCONSIN,"100,000"
1993,MARKETING YEAR,WYOMING,"34,000"
1992,MARKETING YEAR,ALABAMA,"25,000"
1992,MARKETING YEAR,ARIZONA,"70,000"
1992,MARKETING YEAR,ARKANSAS,"45,000"
1992,MARKETING YEAR,CALIFORNIA,"490,000"
1992,MARKETING YEAR,COLORADO,"52,000"
1992,MARKETING YEAR,FLORIDA,"220,000"
1992,MARKETING YEAR,GEORGIA,"85,000"
1992,MARKETING YEAR,HAWAII,"9,000"
1992,MARKETING YEAR,IDAHO,"135,000"
1992,MARKETING YEAR,ILLINOIS,"16,000"
1992,MARKETING YEAR,INDIANA,"15,000"
1992,MARKETING YEAR,IOWA,"65,000"
1992,MARKETING YEAR,KANSAS,"28,000"
1992,MARKETING YEAR,KENTUCKY,"4,000"
1992,MARKETING YEAR,LOUISIANA,"45,000"
1992,MARKETING YEAR,MAINE,"15,000"
1992,MARKETING YEAR,MARYLAND,"6,000"
1992,MARKETING YEAR,MICHIGAN,"95,000"
1992,MARKETING YEAR,MINNESOTA,"190,000"
1992,MARKETING YEAR,MISSISSIPPI,"25,000"
1992,MARKETING YEAR,MISSOURI,"25,000"
1992,MARKETING YEAR,MONTANA,"87,000"
1992,MARKETING YEAR,NEBRASKA,"96,000"
1992,MARKETING YEAR,NEVADA,"15,000"
1992,MARKETING YEAR,NEW JERSEY,"8,000"
1992,MARKETING YEAR,NEW MEXICO,"18,000"
1992,MARKETING YEAR,NEW YORK,"70,000"
1992,MARKETING YEAR,NORTH CAROLINA,"15,000"
1992,MARKETING YEAR,NORTH DAKOTA,"240,000"
1992,MARKETING YEAR,OHIO,"38,000"
1992,MARKETING YEAR,OKLAHOMA,"9,000"
1992,MARKETING YEAR,OREGON,"52,000"
1992,MARKETING YEAR,OTHER STATES,"9,000"
1992,MARKETING YEAR,PENNSYLVANIA,"30,000"
1992,MARKETING YEAR,SOUTH CAROLINA,"11,000"
1992,MARKETING YEAR,SOUTH DAKOTA,"240,000"
1992,MARKETING YEAR,TENNESSEE,"7,000"
1992,MARKETING YEAR,TEXAS,"125,000"
1992,MARKETING YEAR,UTAH,"47,000"
1992,MARKETING YEAR,VERMONT,"6,000"
1992,MARKETING YEAR,VIRGINIA,"13,000"
1992,MARKETING YEAR,WASHINGTON,"80,000"
1992,MARKETING YEAR,WEST VIRGINIA,"23,000"
1992,MARKETING YEAR,WISCONSIN,"105,000"
1992,MARKETING YEAR,WYOMING,"41,000"
1991,MARKETING YEAR,ALABAMA,"23,000"
1991,MARKETING YEAR,ARIZONA,"75,000"
1991,MARKETING YEAR,ARKANSAS,"47,000"
1991,MARKETING YEAR,CALIFORNIA,"550,000"
1991,MARKETING YEAR,COLORADO,"50,000"
1991,MARKETING YEAR,FLORIDA,"225,000"
1991,MARKETING YEAR,GEORGIA,"102,000"
1991,MARKETING YEAR,HAWAII,"10,000"
1991,MARKETING YEAR,IDAHO,"140,000"
1991,MARKETING YEAR,ILLINOIS,"21,000"
1991,MARKETING YEAR,INDIANA,"21,000"
1991,MARKETING YEAR,IOWA,"70,000"
1991,MARKETING YEAR,KANSAS,"35,000"
1991,MARKETING YEAR,KENTUCKY,"7,000"
1991,MARKETING YEAR,LOUISIANA,"40,000"
1991,MARKETING YEAR,MAINE,"13,000"
1991,MARKETING YEAR,MARYLAND,"7,000"
1991,MARKETING YEAR,MICHIGAN,"105,000"
1991,MARKETING YEAR,MINNESOTA,"180,000"
1991,MARKETING YEAR,MISSISSIPPI,"28,000"
1991,MARKETING YEAR,MISSOURI,"28,000"
1991,MARKETING YEAR,MONTANA,"86,000"
1991,MARKETING YEAR,NEBRASKA,"108,000"
1991,MARKETING YEAR,NEVADA,"15,000"
1991,MARKETING YEAR,NEW JERSEY,"11,000"
1991,MARKETING YEAR,NEW MEXICO,"20,000"
1991,MARKETING YEAR,NEW YORK,"77,000"
1991,MARKETING YEAR,NORTH CAROLINA,"18,000"
1991,MARKETING YEAR,NORTH DAKOTA,"215,000"
1991,MARKETING YEAR,OHIO,"48,000"
1991,MARKETING YEAR,OKLAHOMA,"9,000"
1991,MARKETING YEAR,OREGON,"56,000"
1991,MARKETING YEAR,OTHER STATES,"12,000"
1991,MARKETING YEAR,PENNSYLVANIA,"40,000"
1991,MARKETING YEAR,SOUTH CAROLINA,"11,000"
1991,MARKETING YEAR,SOUTH DAKOTA,"225,000"
1991,MARKETING YEAR,TENNESSEE,"14,000"
1991,MARKETING YEAR,TEXAS,"140,000"
1991,MARKETING YEAR,UTAH,"45,000"
1991,MARKETING YEAR,VERMONT,"6,000"
1991,MARKETING YEAR,VIRGINIA,"16,000"
1991,MARKETING YEAR,WASHINGTON,"85,000"
1991,MARKETING YEAR,WEST VIRGINIA,"26,000"
1991,MARKETING YEAR,WISCONSIN,"110,000"
1991,MARKETING YEAR,WYOMING,"41,000"
1990,MARKETING YEAR,ALABAMA,"29,000"
1990,MARKETING YEAR,ARIZONA,"67,000"
1990,MARKETING YEAR,ARKANSAS,"42,000"
1990,MARKETING YEAR,CALIFORNIA,"480,000"
1990,MARKETING YEAR,COLORADO,"55,000"
1990,MARKETING YEAR,CONNECTICUT,"2,000"
1990,MARKETING YEAR,DELAWARE,"1,000"
1990,MARKETING YEAR,FLORIDA,"220,000"
1990,MARKETING YEAR,GEORGIA,"111,000"
1990,MARKETING YEAR,HAWAII,"10,000"
1990,MARKETING YEAR,IDAHO,"140,000"
1990,MARKETING YEAR,ILLINOIS,"23,000"
1990,MARKETING YEAR,INDIANA,"22,000"
1990,MARKETING YEAR,IOWA,"70,000"
1990,MARKETING YEAR,KANSAS,"36,000"
1990,MARKETING YEAR,KENTUCKY,"8,000"
1990,MARKETING YEAR,LOUISIANA,"38,000"
1990,MARKETING YEAR,MAINE,"20,000"
1990,MARKETING YEAR,MARYLAND,"7,000"
1990,MARKETING YEAR,MASSACHUSETTS,"15,000"
1990,MARKETING YEAR,MICHIGAN,"100,000"
1990,MARKETING YEAR,MINNESOTA,"170,000"
1990,MARKETING YEAR,MISSISSIPPI,"24,000"
1990,MARKETING YEAR,MISSOURI,"30,000"
1990,MARKETING YEAR,MONTANA,"98,000"
1990,MARKETING YEAR,NEBRASKA,"118,000"
1990,MARKETING YEAR,NEVADA,"17,000"
1990,MARKETING YEAR,NEW HAMPSHIRE,"1,000"
1990,MARKETING YEAR,NEW JERSEY,"15,000"
1990,MARKETING YEAR,NEW MEXICO,"29,000"
1990,MARKETING YEAR,NEW YORK,"81,000"
1990,MARKETING YEAR,NORTH CAROLINA,"20,000"
1990,MARKETING YEAR,NORTH DAKOTA,"220,000"
1990,MARKETING YEAR,OHIO,"42,000"
1990,MARKETING YEAR,OKLAHOMA,"9,000"
1990,MARKETING YEAR,OREGON,"61,000"
1990,MARKETING YEAR,PENNSYLVANIA,"41,000"
1990,MARKETING YEAR,RHODE ISLAND,"1,000"
1990,MARKETING YEAR,SOUTH CAROLINA,"12,000"
1990,MARKETING YEAR,SOUTH DAKOTA,"245,000"
1990,MARKETING YEAR,TENNESSEE,"19,000"
1990,MARKETING YEAR,TEXAS,"140,000"
1990,MARKETING YEAR,UTAH,"47,000"
1990,MARKETING YEAR,VERMONT,"6,000"
1990,MARKETING YEAR,VIRGINIA,"16,000"
1990,MARKETING YEAR,WASHINGTON,"80,000"
1990,MARKETING YEAR,WEST VIRGINIA,"30,000"
1990,MARKETING YEAR,WISCONSIN,"112,000"
1990,MARKETING YEAR,WYOMING,"40,000"
1989,MARKETING YEAR,ALABAMA,"41,000"
1989,MARKETING YEAR,ARIZONA,"78,000"
1989,MARKETING YEAR,ARKANSAS,"34,000"
1989,MARKETING YEAR,CALIFORNIA,"620,000"
1989,MARKETING YEAR,COLORADO,"50,000"
1989,MARKETING YEAR,CONNECTICUT,"2,000"
1989,MARKETING YEAR,DELAWARE,"1,000"
1989,MARKETING YEAR,FLORIDA,"250,000"
1989,MARKETING YEAR,GEORGIA,"116,000"
1989,MARKETING YEAR,HAWAII,"9,000"
1989,MARKETING YEAR,IDAHO,"140,000"
1989,MARKETING YEAR,ILLINOIS,"29,000"
1989,MARKETING YEAR,INDIANA,"28,000"
1989,MARKETING YEAR,IOWA,"67,000"
1989,MARKETING YEAR,KANSAS,"37,000"
1989,MARKETING YEAR,KENTUCKY,"12,000"
1989,MARKETING YEAR,LOUISIANA,"35,000"
1989,MARKETING YEAR,MAINE,"17,000"
1989,MARKETING YEAR,MARYLAND,"9,000"
1989,MARKETING YEAR,MASSACHUSETTS,"8,000"
1989,MARKETING YEAR,MICHIGAN,"102,000"
1989,MARKETING YEAR,MINNESOTA,"165,000"
1989,MARKETING YEAR,MISSISSIPPI,"24,000"
1989,MARKETING YEAR,MISSOURI,"33,000"
1989,MARKETING YEAR,MONTANA,"100,000"
1989,MARKETING YEAR,NEBRASKA,"119,000"
1989,MARKETING YEAR,NEVADA,"15,000"
1989,MARKETING YEAR,NEW HAMPSHIRE,"1,000"
1989,MARKETING YEAR,NEW JERSEY,"25,000"
1989,MARKETING YEAR,NEW MEXICO,"23,000"
1989,MARKETING YEAR,NEW YORK,"94,000"
1989,MARKETING YEAR,NORTH CAROLINA,"25,000"
1989,MARKETING YEAR,NORTH DAKOTA,"310,000"
1989,MARKETING YEAR,OHIO,"53,000"
1989,MARKETING YEAR,OKLAHOMA,"9,000"
1989,MARKETING YEAR,OREGON,"63,000"
1989,MARKETING YEAR,PENNSYLVANIA,"41,000"
1989,MARKETING YEAR,RHODE ISLAND,"1,000"
1989,MARKETING YEAR,SOUTH CAROLINA,"15,000"
1989,MARKETING YEAR,SOUTH DAKOTA,"235,000"
1989,MARKETING YEAR,TENNESSEE,"25,000"
1989,MARKETING YEAR,TEXAS,"140,000"
1989,MARKETING YEAR,UTAH,"47,000"
1989,MARKETING YEAR,VERMONT,"6,000"
1989,MARKETING YEAR,VIRGINIA,"23,000"
1989,MARKETING YEAR,WASHINGTON,"70,000"
1989,MARKETING YEAR,WEST VIRGINIA,"32,000"
1989,MARKETING YEAR,WISCONSIN,"108,000"
1989,MARKETING YEAR,WYOMING,"41,000"
1988,MARKETING YEAR,ALABAMA,"42,000"
1988,MARKETING YEAR,ARIZONA,"80,000"
1988,MARKETING YEAR,ARKANSAS,"34,000"
1988,MARKETING YEAR,CALIFORNIA,"600,000"
1988,MARKETING YEAR,COLORADO,"48,000"
1988,MARKETING YEAR,CONNECTICUT,"2,000"
1988,MARKETING YEAR,DELAWARE,"1,000"
1988,MARKETING YEAR,FLORIDA,"240,000"
1988,MARKETING YEAR,GEORGIA,"115,000"
1988,MARKETING YEAR,HAWAII,"9,000"
1988,MARKETING YEAR,IDAHO,"127,000"
1988,MARKETING YEAR,ILLINOIS,"28,000"
1988,MARKETING YEAR,INDIANA,"29,000"
1988,MARKETING YEAR,IOWA,"49,000"
1988,MARKETING YEAR,KANSAS,"42,000"
1988,MARKETING YEAR,KENTUCKY,"12,000"
1988,MARKETING YEAR,LOUISIANA,"38,000"
1988,MARKETING YEAR,MAINE,"14,000"
1988,MARKETING YEAR,MARYLAND,"7,000"
1988,MARKETING YEAR,MASSACHUSETTS,"15,000"
1988,MARKETING YEAR,MICHIGAN,"95,000"
1988,MARKETING YEAR,MINNESOTA,"160,000"
1988,MARKETING YEAR,MISSISSIPPI,"21,000"
1988,MARKETING YEAR,MISSOURI,"30,000"
1988,MARKETING YEAR,MONTANA,"105,000"
1988,MARKETING YEAR,NEBRASKA,"113,000"
1988,MARKETING YEAR,NEVADA,"9,000"
1988,MARKETING YEAR,NEW HAMPSHIRE,"1,000"
1988,MARKETING YEAR,NEW JERSEY,"30,000"
1988,MARKETING YEAR,NEW MEXICO,"21,000"
1988,MARKETING YEAR,NEW YORK,"94,000"
1988,MARKETING YEAR,NORTH CAROLINA,"21,000"
1988,MARKETING YEAR,NORTH DAKOTA,"250,000"
1988,MARKETING YEAR,OHIO,"50,000"
1988,MARKETING YEAR,OKLAHOMA,"10,000"
1988,MARKETING YEAR,OREGON,"60,000"
1988,MARKETING YEAR,PENNSYLVANIA,"45,000"
1988,MARKETING YEAR,RHODE ISLAND,"1,000"
1988,MARKETING YEAR,SOUTH CAROLINA,"14,000"
1988,MARKETING YEAR,SOUTH DAKOTA,"245,000"
1988,MARKETING YEAR,TENNESSEE,"35,000"
1988,MARKETING YEAR,TEXAS,"124,000"
1988,MARKETING YEAR,UTAH,"36,000"
1988,MARKETING YEAR,VERMONT,"7,000"
1988,MARKETING YEAR,VIRGINIA,"25,000"
1988,MARKETING YEAR,WASHINGTON,"65,000"
1988,MARKETING YEAR,WEST VIRGINIA,"30,000"
1988,MARKETING YEAR,WISCONSIN,"102,000"
1988,MARKETING YEAR,WYOMING,"39,000"
1987,MARKETING YEAR,ALABAMA,"46,000"
1987,MARKETING YEAR,ARIZONA,"80,000"
1987,MARKETING YEAR,ARKANSAS,"29,000"
1987,MARKETING YEAR,CALIFORNIA,"540,000"
1987,MARKETING YEAR,COLORADO,"44,000"
1987,MARKETING YEAR,CONNECTICUT,"2,000"
1987,MARKETING YEAR,DELAWARE,"1,000"
1987,MARKETING YEAR,FLORIDA,"240,000"
1987,MARKETING YEAR,GEORGIA,"120,000"
1987,MARKETING YEAR,HAWAII,"9,000"
1987,MARKETING YEAR,IDAHO,"120,000"
1987,MARKETING YEAR,ILLINOIS,"28,000"
1987,MARKETING YEAR,INDIANA,"25,000"
1987,MARKETING YEAR,IOWA,"44,000"
1987,MARKETING YEAR,KANSAS,"46,000"
1987,MARKETING YEAR,KENTUCKY,"14,000"
1987,MARKETING YEAR,LOUISIANA,"35,000"
1987,MARKETING YEAR,MAINE,"9,000"
1987,MARKETING YEAR,MARYLAND,"7,000"
1987,MARKETING YEAR,MASSACHUSETTS,"11,000"
1987,MARKETING YEAR,MICHIGAN,"93,000"
1987,MARKETING YEAR,MINNESOTA,"160,000"
1987,MARKETING YEAR,MISSISSIPPI,"19,000"
1987,MARKETING YEAR,MISSOURI,"30,000"
1987,MARKETING YEAR,MONTANA,"95,000"
1987,MARKETING YEAR,NEBRASKA,"110,000"
1987,MARKETING YEAR,NEVADA,"11,000"
1987,MARKETING YEAR,NEW HAMPSHIRE,"1,000"
1987,MARKETING YEAR,NEW JERSEY,"25,000"
1987,MARKETING YEAR,NEW MEXICO,"19,000"
1987,MARKETING YEAR,NEW YORK,"90,000"
1987,MARKETING YEAR,NORTH CAROLINA,"20,000"
1987,MARKETING YEAR,NORTH DAKOTA,"300,000"
1987,MARKETING YEAR,OHIO,"55,000"
1987,MARKETING YEAR,OKLAHOMA,"10,000"
1987,MARKETING YEAR,OREGON,"55,000"
1987,MARKETING YEAR,PENNSYLVANIA,"48,000"
1987,MARKETING YEAR,RHODE ISLAND,"1,000"
1987,MARKETING YEAR,SOUTH CAROLINA,"15,000"
1987,MARKETING YEAR,SOUTH DAKOTA,"260,000"
1987,MARKETING YEAR,TENNESSEE,"35,000"
1987,MARKETING YEAR,TEXAS,"120,000"
1987,MARKETING YEAR,UTAH,"35,000"
1987,MARKETING YEAR,VERMONT,"7,000"
1987,MARKETING YEAR,VIRGINIA,"25,000"
1987,MARKETING YEAR,WASHINGTON,"75,000"
1987,MARKETING YEAR,WEST VIRGINIA,"21,000"
1987,MARKETING YEAR,WISCONSIN,"92,000"
1987,MARKETING YEAR,WYOMING,"39,000"
